Genotype,Location,Year,Rep,Adjusted Yield
SB001,GART,2021,1,739
SB001,GART,2021,2,613.5416667
SB001,GART,2021,3,866.0416667
SB002,GART,2021,1,985.625
SB002,GART,2021,2,669.7916667
SB002,GART,2021,3,993.75
SB003,GART,2021,1,702.5
SB003,GART,2021,2,680
SB003,GART,2021,3,1046.458333
SB004,GART,2021,1,1013.75
SB004,GART,2021,2,530.4166667
SB004,GART,2021,3,982.9166667
SB005,GART,2021,1,758.125
SB005,GART,2021,2,518.9583333
SB005,GART,2021,3,1173.75
SB006,GART,2021,1,815.2083333
SB006,GART,2021,2,789.5833333
SB006,GART,2021,3,823.125
SB007,GART,2021,1,915.625
SB007,GART,2021,2,566.6666667
SB007,GART,2021,3,774.7916667
SB008,GART,2021,1,466.4583333
SB008,GART,2021,2,371
SB008,GART,2021,3,276.4583333
SB009,GART,2021,1,1124.583333
SB009,GART,2021,2,215.4166667
SB009,GART,2021,3,561.0416667
SB011,GART,2021,1,333.5416667
SB011,GART,2021,2,295
SB011,GART,2021,3,258.3333333
SB012,GART,2021,1,899.5833333
SB012,GART,2021,2,737.5
SB012,GART,2021,3,818
SB015,GART,2021,1,1415.208333
SB015,GART,2021,2,1207.916667
SB015,GART,2021,3,1033.125
SB016,GART,2021,1,1694.791667
SB016,GART,2021,2,1093.541667
SB016,GART,2021,3,1866.041667
SB017,GART,2021,1,549.1666667
SB017,GART,2021,2,1672.708333
SB017,GART,2021,3,645.625
SB018,GART,2021,1,1017.291667
SB018,GART,2021,2,760.2083333
SB018,GART,2021,3,1205.208333
SB019,GART,2021,1,907.2916667
SB019,GART,2021,2,947.7083333
SB019,GART,2021,3,704.375
SB020,GART,2021,1,1626.041667
SB020,GART,2021,2,1215
SB020,GART,2021,3,804.7916667
SB021,GART,2021,1,333.5416667
SB021,GART,2021,2,391
SB021,GART,2021,3,450
SB022,GART,2021,1,820.4166667
SB022,GART,2021,2,571.4583333
SB022,GART,2021,3,907.0833333
SB023,GART,2021,1,869.7916667
SB023,GART,2021,2,1208.541667
SB023,GART,2021,3,907.7083333
SB025,GART,2021,1,856.0416667
SB025,GART,2021,2,643.75
SB025,GART,2021,3,673.3333333
SB027,GART,2021,1,380
SB027,GART,2021,2,240.625
SB027,GART,2021,3,1087.291667
SB029,GART,2021,1,280
SB029,GART,2021,2,894.375
SB029,GART,2021,3,967.9166667
SB030,GART,2021,1,761.4583333
SB030,GART,2021,2,1306.041667
SB030,GART,2021,3,1205.625
SB031,GART,2021,1,217.7083333
SB031,GART,2021,2,869.375
SB031,GART,2021,3,667.2916667
SB032,GART,2021,1,993.125
SB032,GART,2021,2,1054.375
SB032,GART,2021,3,1641.875
SB033,GART,2021,1,811.25
SB033,GART,2021,2,641.25
SB033,GART,2021,3,446.4583333
SB034,GART,2021,1,624.1666667
SB034,GART,2021,2,604.5833333
SB034,GART,2021,3,643.75
SB036,GART,2021,1,889.1666667
SB036,GART,2021,2,440
SB036,GART,2021,3,261.0416667
SB037,GART,2021,1,611.4583333
SB037,GART,2021,2,804.5833333
SB037,GART,2021,3,418.3333333
SB040,GART,2021,1,868.75
SB040,GART,2021,2,613.5416667
SB040,GART,2021,3,539.1666667
SB041,GART,2021,1,359.1666667
SB041,GART,2021,2,447.7083333
SB041,GART,2021,3,858.125
SB042,GART,2021,1,1574.583333
SB042,GART,2021,2,743.3333333
SB042,GART,2021,3,1842.916667
SB043,GART,2021,1,762.9166667
SB043,GART,2021,2,1135.625
SB043,GART,2021,3,1112.291667
SB044,GART,2021,1,483.9583333
SB044,GART,2021,2,1198.75
SB044,GART,2021,3,264.5833333
SB045,GART,2021,1,822.2916667
SB045,GART,2021,2,955.8333333
SB045,GART,2021,3,1082.708333
SB047,GART,2021,1,490.4166667
SB047,GART,2021,2,943.75
SB047,GART,2021,3,947.9166667
SB048,GART,2021,1,528.3333333
SB048,GART,2021,2,734.375
SB048,GART,2021,3,647.2916667
SB053,GART,2021,1,1144.583333
SB053,GART,2021,2,1172.5
SB053,GART,2021,3,1116.666667
SB054,GART,2021,1,891.25
SB054,GART,2021,2,1255.833333
SB054,GART,2021,3,460.2083333
SB055,GART,2021,1,861.25
SB055,GART,2021,2,1621.666667
SB055,GART,2021,3,1290.416667
SB056,GART,2021,1,1220.833333
SB056,GART,2021,2,1702.916667
SB056,GART,2021,3,1252.291667
SB058,GART,2021,1,290
SB058,GART,2021,2,1471.875
SB058,GART,2021,3,588.9583333
SB059,GART,2021,1,820.8333333
SB059,GART,2021,2,1492.5
SB059,GART,2021,3,1257.916667
SB061,GART,2021,1,488.3333333
SB061,GART,2021,2,760.4166667
SB061,GART,2021,3,428.125
SB062,GART,2021,1,1205.208333
SB062,GART,2021,2,1276.875
SB062,GART,2021,3,1165.625
SB065,GART,2021,1,184.7916667
SB065,GART,2021,2,450.2083333
SB065,GART,2021,3,815.8333333
SB066,GART,2021,1,1410.625
SB066,GART,2021,2,1039.583333
SB066,GART,2021,3,1221.666667
SB067,GART,2021,1,832.9166667
SB067,GART,2021,2,1237.083333
SB067,GART,2021,3,885.2083333
SB068,GART,2021,1,1537.708333
SB068,GART,2021,2,618.125
SB068,GART,2021,3,1031.25
SB069,GART,2021,1,836.4583333
SB069,GART,2021,2,481.6666667
SB069,GART,2021,3,1074.166667
SB071,GART,2021,1,977.5
SB071,GART,2021,2,668.125
SB071,GART,2021,3,976.4583333
SB074,GART,2021,1,1211.458333
SB074,GART,2021,2,1716.666667
SB074,GART,2021,3,1229.375
SB075,GART,2021,1,1092.291667
SB075,GART,2021,2,1030
SB075,GART,2021,3,942.7083333
SB076,GART,2021,1,1206.458333
SB076,GART,2021,2,1200.625
SB076,GART,2021,3,1746.666667
SB077,GART,2021,1,1447.291667
SB077,GART,2021,2,1221.458333
SB077,GART,2021,3,1334.375
SB078,GART,2021,1,985.4166667
SB078,GART,2021,2,1091.666667
SB078,GART,2021,3,1297.916667
SB079,GART,2021,1,802.7083333
SB079,GART,2021,2,643.3333333
SB079,GART,2021,3,1529.375
SB082,GART,2021,1,1068.958333
SB082,GART,2021,2,901.4583333
SB082,GART,2021,3,1278.333333
SB083,GART,2021,1,1227.5
SB083,GART,2021,2,1523.125
SB083,GART,2021,3,1728.541667
SB084,GART,2021,1,436.4583333
SB084,GART,2021,2,570.625
SB084,GART,2021,3,789.7916667
SB085,GART,2021,1,1433.541667
SB085,GART,2021,2,1163.958333
SB085,GART,2021,3,754.375
SB086,GART,2021,1,581.4583333
SB086,GART,2021,2,700.625
SB086,GART,2021,3,1113.75
SB087,GART,2021,1,851.6666667
SB087,GART,2021,2,698.75
SB087,GART,2021,3,1610.416667
SB089,GART,2021,1,720
SB089,GART,2021,2,449.1666667
SB089,GART,2021,3,1091.875
SB090,GART,2021,1,642.2916667
SB090,GART,2021,2,1092.708333
SB090,GART,2021,3,1810.416667
SB091,GART,2021,1,411.875
SB091,GART,2021,2,1144.375
SB091,GART,2021,3,793.75
SB092,GART,2021,1,373.125
SB092,GART,2021,2,937.2916667
SB092,GART,2021,3,624.375
SB093,GART,2021,1,981.25
SB093,GART,2021,2,602.5
SB093,GART,2021,3,1243.541667
SB094,GART,2021,1,1144.375
SB094,GART,2021,2,946.875
SB094,GART,2021,3,1394.583333
SB095,GART,2021,1,399.7916667
SB095,GART,2021,2,606.4583333
SB095,GART,2021,3,439.7916667
SB096,GART,2021,1,1325.625
SB096,GART,2021,2,678.75
SB096,GART,2021,3,1910.625
SB097,GART,2021,1,1171.875
SB097,GART,2021,2,1461.875
SB097,GART,2021,3,1602.5
SB098,GART,2021,1,603.75
SB098,GART,2021,2,1467.5
SB098,GART,2021,3,1072.083333
SB099,GART,2021,1,616.25
SB099,GART,2021,2,797.5
SB099,GART,2021,3,901.875
SB100,GART,2021,1,871.25
SB100,GART,2021,2,836.0416667
SB100,GART,2021,3,953.9583333
SB101,GART,2021,1,1605.416667
SB101,GART,2021,2,1353.75
SB101,GART,2021,3,1547.083333
SB102,GART,2021,1,662.0833333
SB102,GART,2021,2,964.375
SB102,GART,2021,3,791.25
SB104,GART,2021,1,601.25
SB104,GART,2021,2,166.875
SB104,GART,2021,3,902.2916667
SB105,GART,2021,1,426.25
SB105,GART,2021,2,429.7916667
SB105,GART,2021,3,800.8333333
SB107,GART,2021,1,486.25
SB107,GART,2021,2,599.1666667
SB107,GART,2021,3,500
SB108,GART,2021,1,623.9583333
SB108,GART,2021,2,992.7083333
SB108,GART,2021,3,1398.333333
SB109,GART,2021,1,164.1666667
SB109,GART,2021,2,2197.708333
SB109,GART,2021,3,981.6666667
SB110,GART,2021,1,374.5833333
SB110,GART,2021,2,656.0416667
SB110,GART,2021,3,1018.125
SB112,GART,2021,1,817.2916667
SB112,GART,2021,2,299.5833333
SB112,GART,2021,3,320.4166667
SB113,GART,2021,1,658.75
SB113,GART,2021,2,586.25
SB113,GART,2021,3,762.7083333
SB114,GART,2021,1,823.3333333
SB114,GART,2021,2,1283.75
SB114,GART,2021,3,1568.541667
SB115,GART,2021,1,580
SB115,GART,2021,2,1100.416667
SB115,GART,2021,3,1019.583333
SB116,GART,2021,1,753.3333333
SB116,GART,2021,2,799.5833333
SB116,GART,2021,3,905.625
SB119,GART,2021,1,760.8333333
SB119,GART,2021,2,200.4166667
SB119,GART,2021,3,1153.958333
SB120,GART,2021,1,290.2083333
SB120,GART,2021,2,829.7916667
SB120,GART,2021,3,523.3333333
SB121,GART,2021,1,872.0833333
SB121,GART,2021,2,1302.291667
SB121,GART,2021,3,661.875
SB123,GART,2021,1,821.4583333
SB123,GART,2021,2,423.5416667
SB123,GART,2021,3,2251.25
SB125,GART,2021,1,655.8333333
SB125,GART,2021,2,1044.166667
SB125,GART,2021,3,411.6666667
SB127,GART,2021,1,1134.583333
SB127,GART,2021,2,941.6666667
SB127,GART,2021,3,1141.666667
SB128,GART,2021,1,412.0833333
SB128,GART,2021,2,1075
SB128,GART,2021,3,473.5416667
SB130,GART,2021,1,641.4583333
SB130,GART,2021,2,865.4166667
SB130,GART,2021,3,481.4583333
SB131,GART,2021,1,603.9583333
SB131,GART,2021,2,842.0833333
SB131,GART,2021,3,1203.958333
SB132,GART,2021,1,1072.708333
SB132,GART,2021,2,898.3333333
SB132,GART,2021,3,1705.833333
SB136,GART,2021,1,908.5416667
SB136,GART,2021,2,1158.958333
SB136,GART,2021,3,1378.541667
SB138,GART,2021,1,1115.625
SB138,GART,2021,2,860.2083333
SB138,GART,2021,3,1460.625
SB140,GART,2021,1,1181.875
SB140,GART,2021,2,1404.375
SB140,GART,2021,3,1618.125
SB141,GART,2021,1,1457.708333
SB141,GART,2021,2,1234.791667
SB141,GART,2021,3,2149.791667
SB142,GART,2021,1,907.7083333
SB142,GART,2021,2,953.5416667
SB142,GART,2021,3,1902.916667
SB143,GART,2021,1,702.9166667
SB143,GART,2021,2,1453.125
SB143,GART,2021,3,1310.208333
SB144,GART,2021,1,1007.083333
SB144,GART,2021,2,713.9583333
SB144,GART,2021,3,1064.791667
SB145,GART,2021,1,722.0833333
SB145,GART,2021,2,550.4166667
SB145,GART,2021,3,859.7916667
SB146,GART,2021,1,1020
SB146,GART,2021,2,1021.25
SB146,GART,2021,3,1076.666667
SB147,GART,2021,1,902.2916667
SB147,GART,2021,2,855.625
SB147,GART,2021,3,1277.5
SB148,GART,2021,1,970.8333333
SB148,GART,2021,2,1287.291667
SB148,GART,2021,3,1305.833333
SB150,GART,2021,1,1374.375
SB150,GART,2021,2,1397.291667
SB150,GART,2021,3,920.8333333
SB153,GART,2021,1,655.8333333
SB153,GART,2021,2,927.2916667
SB153,GART,2021,3,950
SB154,GART,2021,1,893.5416667
SB154,GART,2021,2,1142.5
SB154,GART,2021,3,704.375
SB157,GART,2021,1,1077.708333
SB157,GART,2021,2,1679.375
SB157,GART,2021,3,1164.791667
SB158,GART,2021,1,991.875
SB158,GART,2021,2,1300.416667
SB158,GART,2021,3,1095
SB160,GART,2021,1,999.1666667
SB160,GART,2021,2,1233.541667
SB160,GART,2021,3,924.5833333
SB161,GART,2021,1,1064.583333
SB161,GART,2021,2,872.9166667
SB161,GART,2021,3,1208.333333
SB162,GART,2021,1,809.1666667
SB162,GART,2021,2,1795
SB162,GART,2021,3,1149.583333
SB163,GART,2021,1,970.2083333
SB163,GART,2021,2,1042.083333
SB163,GART,2021,3,1120.416667
SB164,GART,2021,1,418.3333333
SB164,GART,2021,2,1040.625
SB164,GART,2021,3,645.2083333
SB165,GART,2021,1,932.7083333
SB165,GART,2021,2,1097.083333
SB165,GART,2021,3,847.2916667
SB166,GART,2021,1,841.0416667
SB166,GART,2021,2,1044.583333
SB166,GART,2021,3,1114.166667
SB167,GART,2021,1,671.25
SB167,GART,2021,2,496.875
SB167,GART,2021,3,1122.291667
SB168,GART,2021,1,536.25
SB168,GART,2021,2,735
SB168,GART,2021,3,1303.958333
SB169,GART,2021,1,286.0416667
SB169,GART,2021,2,796.25
SB169,GART,2021,3,798.3333333
SB171,GART,2021,1,1101.041667
SB171,GART,2021,2,760.625
SB171,GART,2021,3,1373.125
SB172,GART,2021,1,1058.541667
SB172,GART,2021,2,1613.541667
SB172,GART,2021,3,1276.041667
SB173,GART,2021,1,877.2916667
SB173,GART,2021,2,1671.875
SB173,GART,2021,3,1447.5
SB174,GART,2021,1,933.75
SB174,GART,2021,2,1166.458333
SB174,GART,2021,3,905
SB176,GART,2021,1,415.8333333
SB176,GART,2021,2,563.75
SB176,GART,2021,3,1015
SB177,GART,2021,1,1143.333333
SB177,GART,2021,2,1120.625
SB177,GART,2021,3,1439.583333
SB178,GART,2021,1,285.8333333
SB178,GART,2021,2,387.5
SB178,GART,2021,3,754.1666667
SB179,GART,2021,1,769.375
SB179,GART,2021,2,819.375
SB179,GART,2021,3,1614.583333
SB180,GART,2021,1,1038.125
SB180,GART,2021,2,1244.791667
SB180,GART,2021,3,1818.125
SB181,GART,2021,1,876.875
SB181,GART,2021,2,1064.791667
SB181,GART,2021,3,1502.5
SB182,GART,2021,1,564.7916667
SB182,GART,2021,2,742.5
SB182,GART,2021,3,944.375
SB183,GART,2021,1,901.6666667
SB183,GART,2021,2,825.2083333
SB183,GART,2021,3,1226.666667
SB184,GART,2021,1,772.9166667
SB184,GART,2021,2,1530.208333
SB184,GART,2021,3,991.875
SB185,GART,2021,1,962.0833333
SB185,GART,2021,2,1183.333333
SB185,GART,2021,3,1501.666667
SB186,GART,2021,1,440.8333333
SB186,GART,2021,2,470.625
SB186,GART,2021,3,1246.25
SB187,GART,2021,1,927.0833333
SB187,GART,2021,2,986.0416667
SB187,GART,2021,3,1456.25
SB189,GART,2021,1,683.3333333
SB189,GART,2021,2,807.7083333
SB189,GART,2021,3,1381.458333
SB190,GART,2021,1,621.0416667
SB190,GART,2021,2,632.7083333
SB190,GART,2021,3,1048.541667
SB192,GART,2021,1,760.2083333
SB192,GART,2021,2,1011.041667
SB192,GART,2021,3,1110.208333
SB197,GART,2021,1,1261.041667
SB197,GART,2021,2,1388.541667
SB197,GART,2021,3,1804.791667
SB201,GART,2021,1,899.5833333
SB201,GART,2021,2,1873.125
SB201,GART,2021,3,1828.125
SB203,GART,2021,1,460.625
SB203,GART,2021,2,1373.333333
SB203,GART,2021,3,1323.333333
SB206,GART,2021,1,628.5416667
SB206,GART,2021,2,1317.5
SB206,GART,2021,3,1605
SB207,GART,2021,1,924.5833333
SB207,GART,2021,2,1345.416667
SB207,GART,2021,3,2077.5
SB209,GART,2021,1,853.5416667
SB209,GART,2021,2,1063.958333
SB209,GART,2021,3,1448.958333
SB210,GART,2021,1,892.9166667
SB210,GART,2021,2,1019.583333
SB210,GART,2021,3,180.4166667
SB212,GART,2021,1,1078.333333
SB212,GART,2021,2,1160.625
SB212,GART,2021,3,737.9166667
SB213,GART,2021,1,976.875
SB213,GART,2021,2,910.2083333
SB213,GART,2021,3,752.9166667
SB214,GART,2021,1,599.7916667
SB214,GART,2021,2,949.7916667
SB214,GART,2021,3,827.0833333
SB001,KABWE,2021,1,225.1458333
SB001,KABWE,2021,2,261.9791667
SB001,KABWE,2021,3,321.2708333
SB002,KABWE,2021,1,1054.854167
SB002,KABWE,2021,2,229.4791667
SB002,KABWE,2021,3,853.25
SB003,KABWE,2021,1,754.8125
SB003,KABWE,2021,2,807.5677083
SB003,KABWE,2021,3,860.3229167
SB004,KABWE,2021,1,508.4583333
SB004,KABWE,2021,2,325.6458333
SB004,KABWE,2021,3,696.1875
SB005,KABWE,2021,1,364.2708333
SB005,KABWE,2021,2,423.4375
SB005,KABWE,2021,3,669.7291667
SB006,KABWE,2021,1,750.3541667
SB006,KABWE,2021,2,640.71875
SB006,KABWE,2021,3,531.0833333
SB007,KABWE,2021,1,637.5208333
SB007,KABWE,2021,2,501.625
SB007,KABWE,2021,3,703.2916667
SB008,KABWE,2021,1,382.2291667
SB008,KABWE,2021,2,641.875
SB008,KABWE,2021,3,489.5833333
SB009,KABWE,2021,1,528.5625
SB009,KABWE,2021,2,654.375
SB009,KABWE,2021,3,495.0208333
SB011,KABWE,2021,1,384.8333333
SB011,KABWE,2021,2,219.6875
SB011,KABWE,2021,3,390.3333333
SB015,KABWE,2021,1,707.0833333
SB015,KABWE,2021,2,633.1458333
SB015,KABWE,2021,3,559.2083333
SB016,KABWE,2021,1,888.1041667
SB016,KABWE,2021,2,810.6666667
SB016,KABWE,2021,3,730.9583333
SB017,KABWE,2021,1,1562.583333
SB017,KABWE,2021,2,1086.770833
SB017,KABWE,2021,3,1462.791667
SB018,KABWE,2021,1,1604.25
SB018,KABWE,2021,2,470.7291667
SB018,KABWE,2021,3,1160.3125
SB019,KABWE,2021,1,1130.8125
SB019,KABWE,2021,2,789
SB019,KABWE,2021,3,959.90625
SB021,KABWE,2021,1,1478.604167
SB021,KABWE,2021,2,478.5625
SB021,KABWE,2021,3,1056.791667
SB022,KABWE,2021,1,633.2708333
SB022,KABWE,2021,2,998.1458333
SB022,KABWE,2021,3,762.4375
SB023,KABWE,2021,1,1274.229167
SB023,KABWE,2021,2,876.6666667
SB023,KABWE,2021,3,829.6041667
SB025,KABWE,2021,1,1336.208333
SB025,KABWE,2021,2,1170.494792
SB025,KABWE,2021,3,1004.78125
SB027,KABWE,2021,1,999.6041667
SB027,KABWE,2021,2,1014.8125
SB027,KABWE,2021,3,1030.020833
SB029,KABWE,2021,1,1013.666667
SB029,KABWE,2021,2,660.3958333
SB029,KABWE,2021,3,756.4583333
SB030,KABWE,2021,1,884.0416667
SB030,KABWE,2021,2,315.8958333
SB030,KABWE,2021,3,624.9166667
SB031,KABWE,2021,1,346.9583333
SB031,KABWE,2021,2,500.4166667
SB031,KABWE,2021,3,423.6875
SB032,KABWE,2021,1,1467
SB032,KABWE,2021,2,1063.598958
SB032,KABWE,2021,3,660.1979167
SB033,KABWE,2021,1,851.0208333
SB033,KABWE,2021,2,616.1875
SB033,KABWE,2021,3,733.6041667
SB034,KABWE,2021,1,1072.0625
SB034,KABWE,2021,2,975.3541667
SB034,KABWE,2021,3,892.1666667
SB036,KABWE,2021,1,927.75
SB036,KABWE,2021,2,787.6666667
SB036,KABWE,2021,3,647.5833333
SB037,KABWE,2021,1,948.5416667
SB037,KABWE,2021,2,371.5625
SB037,KABWE,2021,3,445.1458333
SB040,KABWE,2021,1,791.1458333
SB040,KABWE,2021,2,240.5208333
SB040,KABWE,2021,3,515.8333333
SB041,KABWE,2021,1,970.8125
SB041,KABWE,2021,2,606.3125
SB041,KABWE,2021,3,819.3854167
SB042,KABWE,2021,1,1035.833333
SB042,KABWE,2021,2,899.34375
SB042,KABWE,2021,3,833.3958333
SB043,KABWE,2021,1,762.8541667
SB043,KABWE,2021,2,704.4756945
SB043,KABWE,2021,3,646.0972223
SB044,KABWE,2021,1,595.9791667
SB044,KABWE,2021,2,555.3125
SB044,KABWE,2021,3,398.1875
SB045,KABWE,2021,1,629.0208333
SB045,KABWE,2021,2,375.9375
SB045,KABWE,2021,3,1269.8125
SB047,KABWE,2021,1,841.6041667
SB047,KABWE,2021,2,872.8541667
SB047,KABWE,2021,3,857.2291667
SB048,KABWE,2021,1,721.8958333
SB048,KABWE,2021,2,851.3541667
SB048,KABWE,2021,3,600.3958333
SB053,KABWE,2021,1,1318.666667
SB053,KABWE,2021,2,988.6197917
SB053,KABWE,2021,3,658.5729167
SB054,KABWE,2021,1,685.6458333
SB054,KABWE,2021,2,416.0625
SB054,KABWE,2021,3,612.2916667
SB055,KABWE,2021,1,958.4583333
SB055,KABWE,2021,2,389.9166667
SB055,KABWE,2021,3,842.6041667
SB056,KABWE,2021,1,1180.75
SB056,KABWE,2021,2,599.3958333
SB056,KABWE,2021,3,771.9375
SB058,KABWE,2021,1,1068.958333
SB058,KABWE,2021,2,1072.114583
SB058,KABWE,2021,3,1075.270833
SB059,KABWE,2021,1,917.5625
SB059,KABWE,2021,2,832.2447917
SB059,KABWE,2021,3,746.9270833
SB061,KABWE,2021,1,825.625
SB061,KABWE,2021,2,625.3020833
SB061,KABWE,2021,3,424.9791667
SB062,KABWE,2021,1,1096.895833
SB062,KABWE,2021,2,786.1666667
SB062,KABWE,2021,3,544.7291667
SB065,KABWE,2021,1,226.3333333
SB065,KABWE,2021,2,248.09375
SB065,KABWE,2021,3,269.8541667
SB066,KABWE,2021,1,852.0416667
SB066,KABWE,2021,2,873.5
SB066,KABWE,2021,3,977.9791667
SB067,KABWE,2021,1,794.6041667
SB067,KABWE,2021,2,870.875
SB067,KABWE,2021,3,1042.589583
SB068,KABWE,2021,1,822.3333333
SB068,KABWE,2021,2,762.1423611
SB068,KABWE,2021,3,701.951389
SB069,KABWE,2021,1,770.1458333
SB069,KABWE,2021,2,651.0364583
SB069,KABWE,2021,3,531.9270833
SB071,KABWE,2021,1,884.1458333
SB071,KABWE,2021,2,630.9166667
SB071,KABWE,2021,3,647.5
SB074,KABWE,2021,1,1309.791667
SB074,KABWE,2021,2,624.4791667
SB074,KABWE,2021,3,1207.208333
SB075,KABWE,2021,1,686.3125
SB075,KABWE,2021,2,591.6458333
SB075,KABWE,2021,3,638.9791667
SB076,KABWE,2021,1,656.9791667
SB076,KABWE,2021,2,858.46875
SB076,KABWE,2021,3,1059.958333
SB077,KABWE,2021,1,1146.625
SB077,KABWE,2021,2,1089.854167
SB077,KABWE,2021,3,937.1458333
SB078,KABWE,2021,1,285.8958333
SB078,KABWE,2021,2,878.2916667
SB078,KABWE,2021,3,1525.416667
SB079,KABWE,2021,1,1047.541667
SB079,KABWE,2021,2,716.2942708
SB079,KABWE,2021,3,385.046875
SB082,KABWE,2021,1,595.3958333
SB082,KABWE,2021,2,1213.166667
SB082,KABWE,2021,3,714.5833333
SB083,KABWE,2021,1,274
SB083,KABWE,2021,2,1083.375
SB083,KABWE,2021,3,971.6041667
SB084,KABWE,2021,1,825.3125
SB084,KABWE,2021,2,297.3333333
SB084,KABWE,2021,3,258.15625
SB085,KABWE,2021,1,941.75
SB085,KABWE,2021,2,493.5416667
SB085,KABWE,2021,3,1384.479167
SB086,KABWE,2021,1,825.8125
SB086,KABWE,2021,2,792.5625
SB086,KABWE,2021,3,358.4791667
SB087,KABWE,2021,1,885.2916667
SB087,KABWE,2021,2,842.9166667
SB087,KABWE,2021,3,833.3333333
SB090,KABWE,2021,1,1062
SB090,KABWE,2021,2,825.4166667
SB090,KABWE,2021,3,1073.833333
SB091,KABWE,2021,1,909.5208333
SB091,KABWE,2021,2,541.8125
SB091,KABWE,2021,3,827.7083333
SB092,KABWE,2021,1,974.0833333
SB092,KABWE,2021,2,775.7916667
SB092,KABWE,2021,3,934.9375
SB093,KABWE,2021,1,1119.4375
SB093,KABWE,2021,2,260.3541667
SB093,KABWE,2021,3,1024.416667
SB094,KABWE,2021,1,1117.895833
SB094,KABWE,2021,2,1059.354167
SB094,KABWE,2021,3,1926.020833
SB095,KABWE,2021,1,779.1458333
SB095,KABWE,2021,2,707.8333333
SB095,KABWE,2021,3,628.75
SB096,KABWE,2021,1,890.4583333
SB096,KABWE,2021,2,916.9166667
SB096,KABWE,2021,3,1020.6875
SB097,KABWE,2021,1,1072.9375
SB097,KABWE,2021,2,890.0208333
SB097,KABWE,2021,3,888.3541667
SB098,KABWE,2021,1,998.9583333
SB098,KABWE,2021,2,767.3958333
SB098,KABWE,2021,3,902.2708333
SB099,KABWE,2021,1,632.2708333
SB099,KABWE,2021,2,448.2708333
SB099,KABWE,2021,3,312.0208333
SB100,KABWE,2021,1,880.3125
SB100,KABWE,2021,2,494.9166667
SB100,KABWE,2021,3,460.375
SB101,KABWE,2021,1,1626.041667
SB101,KABWE,2021,2,826.2916667
SB101,KABWE,2021,3,904.375
SB102,KABWE,2021,1,1428.458333
SB102,KABWE,2021,2,795.5
SB102,KABWE,2021,3,984.7083333
SB104,KABWE,2021,1,884.3541667
SB104,KABWE,2021,2,372.7708333
SB104,KABWE,2021,3,838.1875
SB105,KABWE,2021,1,1083.395833
SB105,KABWE,2021,2,655.9375
SB105,KABWE,2021,3,864.8333333
SB107,KABWE,2021,1,627.6458333
SB107,KABWE,2021,2,376.34375
SB107,KABWE,2021,3,501.9947917
SB108,KABWE,2021,1,1227.145833
SB108,KABWE,2021,2,1217.791667
SB108,KABWE,2021,3,1208.4375
SB109,KABWE,2021,1,1597
SB109,KABWE,2021,2,594.5208333
SB109,KABWE,2021,3,899.7291667
SB110,KABWE,2021,1,1051.25
SB110,KABWE,2021,2,454.25
SB110,KABWE,2021,3,1004.020833
SB112,KABWE,2021,1,830.3125
SB112,KABWE,2021,2,582.7916667
SB112,KABWE,2021,3,993.4375
SB113,KABWE,2021,1,1212.916667
SB113,KABWE,2021,2,700.4791667
SB113,KABWE,2021,3,728.5
SB114,KABWE,2021,1,1333.5
SB114,KABWE,2021,2,1212.604167
SB114,KABWE,2021,3,203.2916667
SB115,KABWE,2021,1,1138.145833
SB115,KABWE,2021,2,459.6666667
SB115,KABWE,2021,3,809.375
SB116,KABWE,2021,1,778.2291667
SB116,KABWE,2021,2,721.4791667
SB116,KABWE,2021,3,628.9791667
SB119,KABWE,2021,1,829.75
SB119,KABWE,2021,2,334.4375
SB119,KABWE,2021,3,317.5416667
SB120,KABWE,2021,1,630.5
SB120,KABWE,2021,2,734.8576389
SB120,KABWE,2021,3,839.2152777
SB121,KABWE,2021,1,1270.666667
SB121,KABWE,2021,2,896.3854167
SB121,KABWE,2021,3,522.1041667
SB123,KABWE,2021,1,887.3541667
SB123,KABWE,2021,2,947.3125
SB123,KABWE,2021,3,1162.916667
SB125,KABWE,2021,1,744.75
SB125,KABWE,2021,2,385
SB125,KABWE,2021,3,558.2083333
SB127,KABWE,2021,1,442.4791667
SB127,KABWE,2021,2,393.4270833
SB127,KABWE,2021,3,417.953125
SB128,KABWE,2021,1,713.9375
SB128,KABWE,2021,2,944.125
SB128,KABWE,2021,3,437.6666667
SB130,KABWE,2021,1,224.0416667
SB130,KABWE,2021,2,298.5416667
SB130,KABWE,2021,3,798.2083333
SB131,KABWE,2021,1,551.6875
SB131,KABWE,2021,2,870.8333333
SB131,KABWE,2021,3,1247.729167
SB132,KABWE,2021,1,678.25
SB132,KABWE,2021,2,1077.041667
SB132,KABWE,2021,3,1200.375
SB136,KABWE,2021,1,274.5
SB136,KABWE,2021,2,299.46875
SB136,KABWE,2021,3,324.4375
SB138,KABWE,2021,1,715.6666667
SB138,KABWE,2021,2,366.8125
SB138,KABWE,2021,3,1037.395833
SB140,KABWE,2021,1,718.2291667
SB140,KABWE,2021,2,926.2916667
SB140,KABWE,2021,3,1129.3125
SB141,KABWE,2021,1,1185.916667
SB141,KABWE,2021,2,754.4375
SB141,KABWE,2021,3,408.2291667
SB143,KABWE,2021,1,606.1458333
SB143,KABWE,2021,2,302.4166667
SB143,KABWE,2021,3,1405.270833
SB144,KABWE,2021,1,1265.729167
SB144,KABWE,2021,2,936.6588542
SB144,KABWE,2021,3,607.5885417
SB145,KABWE,2021,1,1152.25
SB145,KABWE,2021,2,1061.8125
SB145,KABWE,2021,3,457.25
SB146,KABWE,2021,1,1056.791667
SB146,KABWE,2021,2,902.4583333
SB146,KABWE,2021,3,738.9375
SB147,KABWE,2021,1,1014.875
SB147,KABWE,2021,2,859.125
SB147,KABWE,2021,3,562.0208333
SB148,KABWE,2021,1,1514.729167
SB148,KABWE,2021,2,549.1875
SB148,KABWE,2021,3,797.7291667
SB149,KABWE,2021,1,1660.583333
SB149,KABWE,2021,2,886.7291667
SB149,KABWE,2021,3,876.7708333
SB156,KABWE,2021,1,1059.3125
SB156,KABWE,2021,2,505.7916667
SB156,KABWE,2021,3,447.6458333
SB157,KABWE,2021,1,1071.895833
SB157,KABWE,2021,2,618.5416667
SB157,KABWE,2021,3,1036.395833
SB158,KABWE,2021,1,859.6458333
SB158,KABWE,2021,2,1134.416667
SB158,KABWE,2021,3,360.2708333
SB160,KABWE,2021,1,972.125
SB160,KABWE,2021,2,891.75
SB160,KABWE,2021,3,1324.9375
SB161,KABWE,2021,1,1077.666667
SB161,KABWE,2021,2,884.1666667
SB161,KABWE,2021,3,936.9791667
SB162,KABWE,2021,1,1462.375
SB162,KABWE,2021,2,1085.6875
SB162,KABWE,2021,3,709
SB163,KABWE,2021,1,1272.875
SB163,KABWE,2021,2,923.9505208
SB163,KABWE,2021,3,575.0260417
SB165,KABWE,2021,1,829.5833333
SB165,KABWE,2021,2,517.7916667
SB165,KABWE,2021,3,808.4166667
SB166,KABWE,2021,1,1079.854167
SB166,KABWE,2021,2,748.9166667
SB166,KABWE,2021,3,690.2708333
SB167,KABWE,2021,1,1090.979167
SB167,KABWE,2021,2,444.625
SB167,KABWE,2021,3,622.1875
SB168,KABWE,2021,1,1229.125
SB168,KABWE,2021,2,494.3958333
SB168,KABWE,2021,3,1061.708333
SB169,KABWE,2021,1,1320.166667
SB169,KABWE,2021,2,1189.770833
SB169,KABWE,2021,3,874.7083333
SB171,KABWE,2021,1,1312.4375
SB171,KABWE,2021,2,575.5
SB171,KABWE,2021,3,742.3125
SB172,KABWE,2021,1,1677.208333
SB172,KABWE,2021,2,1002.104167
SB172,KABWE,2021,3,1738.3125
SB173,KABWE,2021,1,1055.25
SB173,KABWE,2021,2,946.625
SB173,KABWE,2021,3,1100.770833
SB174,KABWE,2021,1,821.375
SB174,KABWE,2021,2,514.46875
SB174,KABWE,2021,3,515.5416667
SB176,KABWE,2021,1,826
SB176,KABWE,2021,2,493.25
SB176,KABWE,2021,3,454.9166667
SB177,KABWE,2021,1,824.8541667
SB177,KABWE,2021,2,679.5833333
SB177,KABWE,2021,3,534.3125
SB178,KABWE,2021,1,1028.458333
SB178,KABWE,2021,2,972.4166667
SB178,KABWE,2021,3,915.3541667
SB179,KABWE,2021,1,1102.833333
SB179,KABWE,2021,2,873.9166667
SB179,KABWE,2021,3,647.2083333
SB180,KABWE,2021,1,1485.583333
SB180,KABWE,2021,2,669.6145833
SB180,KABWE,2021,3,1077
SB181,KABWE,2021,1,1023.9375
SB181,KABWE,2021,2,1216.4375
SB181,KABWE,2021,3,831.4375
SB182,KABWE,2021,1,1547.166667
SB182,KABWE,2021,2,362.5625
SB182,KABWE,2021,3,372.0208333
SB183,KABWE,2021,1,857.4375
SB183,KABWE,2021,2,670.7708333
SB183,KABWE,2021,3,515.8333333
SB184,KABWE,2021,1,1028.270833
SB184,KABWE,2021,2,1139.770833
SB184,KABWE,2021,3,1021.479167
SB185,KABWE,2021,1,870.5416667
SB185,KABWE,2021,2,341.6666667
SB185,KABWE,2021,3,693.0208333
SB186,KABWE,2021,1,975.9791667
SB186,KABWE,2021,2,440.875
SB186,KABWE,2021,3,708.4270833
SB187,KABWE,2021,1,816.1875
SB187,KABWE,2021,2,442.9791667
SB187,KABWE,2021,3,957.3958333
SB189,KABWE,2021,1,1026.791667
SB189,KABWE,2021,2,526.4895833
SB189,KABWE,2021,3,1200.875
SB192,KABWE,2021,1,295.7083333
SB192,KABWE,2021,2,598.4375
SB192,KABWE,2021,3,433.7083333
SB195,KABWE,2021,1,1116.875
SB195,KABWE,2021,2,944.9791667
SB195,KABWE,2021,3,584.375
SB197,KABWE,2021,1,402.4791667
SB197,KABWE,2021,2,869.5833333
SB197,KABWE,2021,3,977.625
SB198,KABWE,2021,1,166.9583333
SB198,KABWE,2021,2,826.8958333
SB198,KABWE,2021,3,756.9583333
SB199,KABWE,2021,1,627.0625
SB199,KABWE,2021,2,426.0416667
SB199,KABWE,2021,3,409.2916667
SB201,KABWE,2021,1,1143.291667
SB201,KABWE,2021,2,514.3125
SB201,KABWE,2021,3,1432.958333
SB203,KABWE,2021,1,483.03125
SB203,KABWE,2021,2,292.0833333
SB203,KABWE,2021,3,673.9791667
SB206,KABWE,2021,1,808.375
SB206,KABWE,2021,2,631.8333333
SB206,KABWE,2021,3,984.9166667
SB209,KABWE,2021,1,611.75
SB209,KABWE,2021,2,564.8333333
SB209,KABWE,2021,3,832.1666667
SB210,KABWE,2021,1,475.3541667
SB210,KABWE,2021,2,367.4583333
SB210,KABWE,2021,3,621.7291667
SB212,KABWE,2021,1,191.8125
SB212,KABWE,2021,2,637.5833333
SB212,KABWE,2021,3,964.25
SB213,KABWE,2021,1,788.7083333
SB213,KABWE,2021,2,487.1666667
SB213,KABWE,2021,3,361.7708333
SB001,MPIKA,2018,1,197.5
SB001,MPIKA,2018,2,460.8333333
SB001,MPIKA,2018,3,329.1666667
SB002,MPIKA,2018,1,378.75
SB002,MPIKA,2018,2,1160.416667
SB002,MPIKA,2018,3,703.3333333
SB003,MPIKA,2018,1,495.4166667
SB003,MPIKA,2018,2,827.0833333
SB003,MPIKA,2018,3,529.1666667
SB004,MPIKA,2018,1,277.9166667
SB004,MPIKA,2018,2,551.25
SB004,MPIKA,2018,3,812.5
SB005,MPIKA,2018,1,501.25
SB005,MPIKA,2018,2,525.4166667
SB005,MPIKA,2018,3,475
SB006,MPIKA,2018,1,382.0833333
SB006,MPIKA,2018,2,557.0833333
SB006,MPIKA,2018,3,415.8333333
SB007,MPIKA,2018,1,550
SB007,MPIKA,2018,2,496.6666667
SB007,MPIKA,2018,3,603.3333333
SB008,MPIKA,2018,1,808.75
SB008,MPIKA,2018,2,837.9166667
SB008,MPIKA,2018,3,674.1666667
SB009,MPIKA,2018,1,917.5
SB009,MPIKA,2018,2,829.1666667
SB009,MPIKA,2018,3,843.75
SB011,MPIKA,2018,1,695.8333333
SB011,MPIKA,2018,2,889.5833333
SB011,MPIKA,2018,3,488.3333333
SB015,MPIKA,2018,1,785.4166667
SB015,MPIKA,2018,2,1262.5
SB015,MPIKA,2018,3,965.4166667
SB016,MPIKA,2018,1,1305
SB016,MPIKA,2018,2,1045.416667
SB016,MPIKA,2018,3,1034.166667
SB017,MPIKA,2018,1,1044.166667
SB017,MPIKA,2018,2,1002.083333
SB017,MPIKA,2018,3,1282.916667
SB018,MPIKA,2018,1,1144.583333
SB018,MPIKA,2018,2,1133.75
SB018,MPIKA,2018,3,1023.333333
SB021,MPIKA,2018,1,763.75
SB021,MPIKA,2018,2,1547.5
SB021,MPIKA,2018,3,1070.833333
SB023,MPIKA,2018,1,939.5833333
SB023,MPIKA,2018,2,950.8333333
SB023,MPIKA,2018,3,854.1666667
SB024,MPIKA,2018,1,419.1666667
SB024,MPIKA,2018,2,227.9166667
SB024,MPIKA,2018,3,509.1666667
SB025,MPIKA,2018,1,745.4166667
SB025,MPIKA,2018,2,777.0833333
SB025,MPIKA,2018,3,920.8333333
SB027,MPIKA,2018,1,1072.5
SB027,MPIKA,2018,2,1505.416667
SB027,MPIKA,2018,3,1212.916667
SB029,MPIKA,2018,1,1030.416667
SB029,MPIKA,2018,2,981.25
SB029,MPIKA,2018,3,889.1666667
SB030,MPIKA,2018,1,400.8333333
SB030,MPIKA,2018,2,540.4166667
SB030,MPIKA,2018,3,288.3333333
SB032,MPIKA,2018,1,969.5833333
SB032,MPIKA,2018,2,388.75
SB032,MPIKA,2018,3,679.1666667
SB033,MPIKA,2018,1,397.9166667
SB033,MPIKA,2018,2,527.5
SB033,MPIKA,2018,3,545.4166667
SB034,MPIKA,2018,1,804.1666667
SB034,MPIKA,2018,2,722.9166667
SB034,MPIKA,2018,3,722.9166667
SB036,MPIKA,2018,1,549.5833333
SB036,MPIKA,2018,2,783.75
SB036,MPIKA,2018,3,346.25
SB037,MPIKA,2018,1,1057.5
SB037,MPIKA,2018,2,1305
SB037,MPIKA,2018,3,676.25
SB040,MPIKA,2018,1,578.3333333
SB040,MPIKA,2018,2,564.5833333
SB040,MPIKA,2018,3,487.5
SB041,MPIKA,2018,1,492.9166667
SB041,MPIKA,2018,2,761.6666667
SB041,MPIKA,2018,3,891.6666667
SB042,MPIKA,2018,1,221.25
SB042,MPIKA,2018,2,369.1666667
SB042,MPIKA,2018,3,470.4166667
SB043,MPIKA,2018,1,1117.5
SB043,MPIKA,2018,2,842.9166667
SB043,MPIKA,2018,3,595.4166667
SB044,MPIKA,2018,1,431.6666667
SB044,MPIKA,2018,2,704.5833333
SB044,MPIKA,2018,3,461.25
SB045,MPIKA,2018,1,709.5833333
SB045,MPIKA,2018,2,960
SB045,MPIKA,2018,3,841.25
SB048,MPIKA,2018,1,939.1666667
SB048,MPIKA,2018,2,1114.583333
SB048,MPIKA,2018,3,697.9166667
SB053,MPIKA,2018,1,340.4166667
SB053,MPIKA,2018,2,127.9166667
SB053,MPIKA,2018,3,234.1666667
SB054,MPIKA,2018,1,782.0833333
SB054,MPIKA,2018,2,540
SB054,MPIKA,2018,3,638.3333333
SB055,MPIKA,2018,1,1064.583333
SB055,MPIKA,2018,2,386.25
SB055,MPIKA,2018,3,635.4166667
SB056,MPIKA,2018,1,345.4166667
SB056,MPIKA,2018,2,695
SB056,MPIKA,2018,3,461.25
SB058,MPIKA,2018,1,421.25
SB058,MPIKA,2018,2,473.75
SB058,MPIKA,2018,3,463.75
SB059,MPIKA,2018,1,529.5833333
SB059,MPIKA,2018,2,406.6666667
SB059,MPIKA,2018,3,562.0833333
SB061,MPIKA,2018,1,736.6666667
SB061,MPIKA,2018,2,241.6666667
SB061,MPIKA,2018,3,446.25
SB062,MPIKA,2018,1,574.5833333
SB062,MPIKA,2018,2,837.9166667
SB062,MPIKA,2018,3,574.5833333
SB065,MPIKA,2018,1,708.3333333
SB065,MPIKA,2018,2,441.25
SB065,MPIKA,2018,3,770.8333333
SB066,MPIKA,2018,1,779.1666667
SB066,MPIKA,2018,2,1067.916667
SB066,MPIKA,2018,3,760
SB067,MPIKA,2018,1,903.75
SB067,MPIKA,2018,2,1031.666667
SB067,MPIKA,2018,3,917.0833333
SB068,MPIKA,2018,1,266.25
SB068,MPIKA,2018,2,572.5
SB068,MPIKA,2018,3,282.5
SB069,MPIKA,2018,1,963.3333333
SB069,MPIKA,2018,2,530
SB069,MPIKA,2018,3,735.4166667
SB071,MPIKA,2018,1,792.9166667
SB071,MPIKA,2018,2,657.9166667
SB071,MPIKA,2018,3,708.75
SB074,MPIKA,2018,1,1273.75
SB074,MPIKA,2018,2,1426.666667
SB074,MPIKA,2018,3,1120.833333
SB075,MPIKA,2018,1,386.25
SB075,MPIKA,2018,2,348.75
SB075,MPIKA,2018,3,170.4166667
SB076,MPIKA,2018,1,361.25
SB076,MPIKA,2018,2,270.4166667
SB076,MPIKA,2018,3,389.5833333
SB078,MPIKA,2018,1,372.9166667
SB078,MPIKA,2018,2,264.1666667
SB078,MPIKA,2018,3,114.1666667
SB079,MPIKA,2018,1,842.9166667
SB079,MPIKA,2018,2,1060
SB079,MPIKA,2018,3,875
SB082,MPIKA,2018,1,597.5
SB082,MPIKA,2018,2,602.0833333
SB082,MPIKA,2018,3,334.1666667
SB083,MPIKA,2018,1,475.8333333
SB083,MPIKA,2018,2,165.8333333
SB083,MPIKA,2018,3,152.0833333
SB084,MPIKA,2018,1,438.75
SB084,MPIKA,2018,2,162.0833333
SB084,MPIKA,2018,3,466.6666667
SB085,MPIKA,2018,1,857.5
SB085,MPIKA,2018,2,1188.75
SB085,MPIKA,2018,3,665
SB086,MPIKA,2018,1,736.25
SB086,MPIKA,2018,2,499.1666667
SB086,MPIKA,2018,3,596.6666667
SB089,MPIKA,2018,1,1064.166667
SB089,MPIKA,2018,2,1322.5
SB089,MPIKA,2018,3,977.9166667
SB090,MPIKA,2018,1,1026.25
SB090,MPIKA,2018,2,1274.583333
SB090,MPIKA,2018,3,1129.166667
SB091,MPIKA,2018,1,778.3333333
SB091,MPIKA,2018,2,962.0833333
SB091,MPIKA,2018,3,764.5833333
SB092,MPIKA,2018,1,739.5833333
SB092,MPIKA,2018,2,497.0833333
SB092,MPIKA,2018,3,618.3333333
SB093,MPIKA,2018,1,667.5
SB093,MPIKA,2018,2,527.5
SB093,MPIKA,2018,3,992.0833333
SB094,MPIKA,2018,1,807.5
SB094,MPIKA,2018,2,533.3333333
SB094,MPIKA,2018,3,689.1666667
SB095,MPIKA,2018,1,1251.25
SB095,MPIKA,2018,2,529.1666667
SB095,MPIKA,2018,3,1022.916667
SB096,MPIKA,2018,1,384.5833333
SB096,MPIKA,2018,2,431.25
SB096,MPIKA,2018,3,130.8333333
SB097,MPIKA,2018,1,320.625
SB097,MPIKA,2018,2,378.3333333
SB097,MPIKA,2018,3,262.9166667
SB098,MPIKA,2018,1,479.1666667
SB098,MPIKA,2018,2,291.25
SB098,MPIKA,2018,3,398.75
SB099,MPIKA,2018,1,402.5
SB099,MPIKA,2018,2,537.0833333
SB099,MPIKA,2018,3,570
SB100,MPIKA,2018,1,414.5833333
SB100,MPIKA,2018,2,519.5833333
SB100,MPIKA,2018,3,537.0833333
SB102,MPIKA,2018,1,232.9166667
SB102,MPIKA,2018,2,880
SB102,MPIKA,2018,3,759.1666667
SB104,MPIKA,2018,1,698.75
SB104,MPIKA,2018,2,452.9166667
SB104,MPIKA,2018,3,671.6666667
SB105,MPIKA,2018,1,422.5
SB105,MPIKA,2018,2,804.1666667
SB105,MPIKA,2018,3,865.4166667
SB107,MPIKA,2018,1,785.8333333
SB107,MPIKA,2018,2,581.6666667
SB107,MPIKA,2018,3,739.5833333
SB108,MPIKA,2018,1,1158.75
SB108,MPIKA,2018,2,1222.5
SB108,MPIKA,2018,3,482.5
SB109,MPIKA,2018,1,1212.5
SB109,MPIKA,2018,2,1500.833333
SB109,MPIKA,2018,3,1247.083333
SB110,MPIKA,2018,1,648.75
SB110,MPIKA,2018,2,831.6666667
SB110,MPIKA,2018,3,624.5833333
SB112,MPIKA,2018,1,1020.833333
SB112,MPIKA,2018,2,986.25
SB112,MPIKA,2018,3,319.1666667
SB113,MPIKA,2018,1,776.25
SB113,MPIKA,2018,2,685.4166667
SB113,MPIKA,2018,3,592.9166667
SB114,MPIKA,2018,1,341.6666667
SB114,MPIKA,2018,2,478.3333333
SB114,MPIKA,2018,3,268.3333333
SB115,MPIKA,2018,1,427.9166667
SB115,MPIKA,2018,2,235.4166667
SB115,MPIKA,2018,3,394.5833333
SB116,MPIKA,2018,1,623.3333333
SB116,MPIKA,2018,2,662.5
SB116,MPIKA,2018,3,882.5
SB119,MPIKA,2018,1,588.75
SB119,MPIKA,2018,2,270
SB119,MPIKA,2018,3,839.1666667
SB120,MPIKA,2018,1,606.25
SB120,MPIKA,2018,2,842.5
SB120,MPIKA,2018,3,845
SB121,MPIKA,2018,1,1141.25
SB121,MPIKA,2018,2,888.3333333
SB121,MPIKA,2018,3,1014.166667
SB123,MPIKA,2018,1,1428.75
SB123,MPIKA,2018,2,674.1666667
SB123,MPIKA,2018,3,1095.833333
SB124,MPIKA,2018,1,1286.666667
SB124,MPIKA,2018,2,1115.416667
SB124,MPIKA,2018,3,1185
SB125,MPIKA,2018,1,467.5
SB125,MPIKA,2018,2,507.0833333
SB125,MPIKA,2018,3,546.6666667
SB127,MPIKA,2018,1,641.6666667
SB127,MPIKA,2018,2,692.5
SB127,MPIKA,2018,3,479.5833333
SB128,MPIKA,2018,1,695.8333333
SB128,MPIKA,2018,2,1182.083333
SB128,MPIKA,2018,3,1446.666667
SB130,MPIKA,2018,1,552.9166667
SB130,MPIKA,2018,2,960
SB130,MPIKA,2018,3,866.25
SB131,MPIKA,2018,1,831.25
SB131,MPIKA,2018,2,1093.75
SB131,MPIKA,2018,3,672.0833333
SB132,MPIKA,2018,1,802.9166667
SB132,MPIKA,2018,2,515
SB132,MPIKA,2018,3,697.5
SB136,MPIKA,2018,1,1057.916667
SB136,MPIKA,2018,2,983.75
SB136,MPIKA,2018,3,1011.25
SB138,MPIKA,2018,1,549.1666667
SB138,MPIKA,2018,2,523.75
SB138,MPIKA,2018,3,414.5833333
SB140,MPIKA,2018,1,636.25
SB140,MPIKA,2018,2,1480
SB140,MPIKA,2018,3,827.9166667
SB141,MPIKA,2018,1,757.5
SB141,MPIKA,2018,2,1069.583333
SB141,MPIKA,2018,3,737.0833333
SB142,MPIKA,2018,1,687.0833333
SB142,MPIKA,2018,2,645.8333333
SB142,MPIKA,2018,3,853.75
SB143,MPIKA,2018,1,634.5833333
SB143,MPIKA,2018,2,815.4166667
SB143,MPIKA,2018,3,708.75
SB144,MPIKA,2018,1,1003.333333
SB144,MPIKA,2018,2,890
SB144,MPIKA,2018,3,1112.083333
SB145,MPIKA,2018,1,1020
SB145,MPIKA,2018,2,737.0833333
SB145,MPIKA,2018,3,760
SB146,MPIKA,2018,1,1009.583333
SB146,MPIKA,2018,2,625.8333333
SB146,MPIKA,2018,3,1021.25
SB147,MPIKA,2018,1,937.0833333
SB147,MPIKA,2018,2,767.0833333
SB147,MPIKA,2018,3,631.6666667
SB148,MPIKA,2018,1,346.6666667
SB148,MPIKA,2018,2,1017.083333
SB148,MPIKA,2018,3,304.1666667
SB150,MPIKA,2018,1,1326.25
SB150,MPIKA,2018,2,945.4166667
SB150,MPIKA,2018,3,1171.25
SB154,MPIKA,2018,1,748.3333333
SB154,MPIKA,2018,2,411.6666667
SB154,MPIKA,2018,3,580
SB156,MPIKA,2018,1,768.3333333
SB156,MPIKA,2018,2,434.1666667
SB156,MPIKA,2018,3,370
SB157,MPIKA,2018,1,905.8333333
SB157,MPIKA,2018,2,920.4166667
SB157,MPIKA,2018,3,913.125
SB158,MPIKA,2018,1,406.6666667
SB158,MPIKA,2018,2,438.3333333
SB158,MPIKA,2018,3,793.3333333
SB160,MPIKA,2018,1,230.8333333
SB160,MPIKA,2018,2,577.0833333
SB160,MPIKA,2018,3,821.25
SB161,MPIKA,2018,1,988.75
SB161,MPIKA,2018,2,542.9166667
SB161,MPIKA,2018,3,767.9166667
SB162,MPIKA,2018,1,1385.833333
SB162,MPIKA,2018,2,1346.25
SB162,MPIKA,2018,3,1004.166667
SB163,MPIKA,2018,1,1157.291667
SB163,MPIKA,2018,2,1111.25
SB163,MPIKA,2018,3,1203.333333
SB164,MPIKA,2018,1,481.25
SB164,MPIKA,2018,2,537.5
SB164,MPIKA,2018,3,492.5
SB165,MPIKA,2018,1,693.75
SB165,MPIKA,2018,2,619.1666667
SB165,MPIKA,2018,3,542.5
SB166,MPIKA,2018,1,568.3333333
SB166,MPIKA,2018,2,762.0833333
SB166,MPIKA,2018,3,804.5833333
SB167,MPIKA,2018,1,961.25
SB167,MPIKA,2018,2,882.5
SB167,MPIKA,2018,3,700.8333333
SB168,MPIKA,2018,1,908.75
SB168,MPIKA,2018,2,609.5833333
SB168,MPIKA,2018,3,556.25
SB169,MPIKA,2018,1,867.0833333
SB169,MPIKA,2018,2,691.6666667
SB169,MPIKA,2018,3,684.1666667
SB171,MPIKA,2018,1,1033.75
SB171,MPIKA,2018,2,1001.666667
SB171,MPIKA,2018,3,1272.916667
SB172,MPIKA,2018,1,1462.5
SB172,MPIKA,2018,2,941.6666667
SB172,MPIKA,2018,3,775.8333333
SB173,MPIKA,2018,1,190.4166667
SB173,MPIKA,2018,2,794.1666667
SB173,MPIKA,2018,3,375.8333333
SB174,MPIKA,2018,1,1332.083333
SB174,MPIKA,2018,2,745
SB174,MPIKA,2018,3,894.5833333
SB176,MPIKA,2018,1,857.9166667
SB176,MPIKA,2018,2,973.3333333
SB176,MPIKA,2018,3,1320.833333
SB178,MPIKA,2018,1,547.5
SB178,MPIKA,2018,2,377.5
SB178,MPIKA,2018,3,577.9166667
SB179,MPIKA,2018,1,1024.583333
SB179,MPIKA,2018,2,1055.416667
SB179,MPIKA,2018,3,977.9166667
SB180,MPIKA,2018,1,590.8333333
SB180,MPIKA,2018,2,299.5833333
SB180,MPIKA,2018,3,461.6666667
SB181,MPIKA,2018,1,465
SB181,MPIKA,2018,2,265.8333333
SB181,MPIKA,2018,3,407.0833333
SB182,MPIKA,2018,1,534.5833333
SB182,MPIKA,2018,2,502.5
SB182,MPIKA,2018,3,797.5
SB183,MPIKA,2018,1,287.9166667
SB183,MPIKA,2018,2,583.75
SB183,MPIKA,2018,3,884.5833333
SB184,MPIKA,2018,1,407.5
SB184,MPIKA,2018,2,927.5
SB184,MPIKA,2018,3,730
SB185,MPIKA,2018,1,283.3333333
SB185,MPIKA,2018,2,166.6666667
SB185,MPIKA,2018,3,547.0833333
SB186,MPIKA,2018,1,1021.25
SB186,MPIKA,2018,2,888.75
SB186,MPIKA,2018,3,805
SB187,MPIKA,2018,1,462.9166667
SB187,MPIKA,2018,2,2987.5
SB187,MPIKA,2018,3,259.5833333
SB189,MPIKA,2018,1,1179.166667
SB189,MPIKA,2018,2,1124.166667
SB189,MPIKA,2018,3,877.5
SB190,MPIKA,2018,1,579.1666667
SB190,MPIKA,2018,2,582.9166667
SB190,MPIKA,2018,3,661.25
SB192,MPIKA,2018,1,498.75
SB192,MPIKA,2018,2,214.1666667
SB192,MPIKA,2018,3,269.1666667
SB195,MPIKA,2018,1,631.25
SB195,MPIKA,2018,2,228.75
SB195,MPIKA,2018,3,503.75
SB199,MPIKA,2018,1,772.5
SB199,MPIKA,2018,2,210.8333333
SB199,MPIKA,2018,3,907.9166667
SB200,MPIKA,2018,1,1192.916667
SB200,MPIKA,2018,2,820.8333333
SB200,MPIKA,2018,3,961.6666667
SB201,MPIKA,2018,1,1011.041667
SB201,MPIKA,2018,2,1101.25
SB201,MPIKA,2018,3,920.8333333
SB202,MPIKA,2018,1,290
SB202,MPIKA,2018,2,161.25
SB202,MPIKA,2018,3,220.4166667
SB203,MPIKA,2018,1,557.5
SB203,MPIKA,2018,2,497.9166667
SB203,MPIKA,2018,3,920.8333333
SB205,MPIKA,2018,1,613.3333333
SB205,MPIKA,2018,2,557.0833333
SB205,MPIKA,2018,3,630.8333333
SB206,MPIKA,2018,1,392.0833333
SB206,MPIKA,2018,2,587.9166667
SB206,MPIKA,2018,3,196.25
SB207,MPIKA,2018,1,737.5
SB207,MPIKA,2018,2,797.0833333
SB207,MPIKA,2018,3,646.6666667
SB210,MPIKA,2018,1,697.5
SB210,MPIKA,2018,2,751.25
SB210,MPIKA,2018,3,812.9166667
SB213,MPIKA,2018,1,676.25
SB213,MPIKA,2018,2,755
SB213,MPIKA,2018,3,1366.666667
SB214,MPIKA,2018,1,772.5
SB214,MPIKA,2018,2,411.25
SB214,MPIKA,2018,3,739.1666667
SB001,MPIKA,2020,1,315.5
SB001,MPIKA,2020,2,204.7916667
SB001,MPIKA,2020,3,94.08333333
SB002,MPIKA,2020,1,494.9166667
SB002,MPIKA,2020,2,563.1666667
SB002,MPIKA,2020,3,329.5833333
SB003,MPIKA,2020,1,710
SB003,MPIKA,2020,2,863.25
SB003,MPIKA,2020,3,576.1666667
SB004,MPIKA,2020,1,667.9166667
SB004,MPIKA,2020,2,214.8333333
SB004,MPIKA,2020,3,266.1666667
SB005,MPIKA,2020,1,506.6666667
SB005,MPIKA,2020,2,695.4166667
SB005,MPIKA,2020,3,795.5833333
SB006,MPIKA,2020,1,410.75
SB006,MPIKA,2020,2,174.8333333
SB006,MPIKA,2020,3,565.8333333
SB007,MPIKA,2020,1,281.75
SB007,MPIKA,2020,2,169.75
SB007,MPIKA,2020,3,365.75
SB008,MPIKA,2020,1,254.3333333
SB008,MPIKA,2020,2,584
SB008,MPIKA,2020,3,452
SB009,MPIKA,2020,1,647.5833333
SB009,MPIKA,2020,2,433.8333333
SB009,MPIKA,2020,3,691.0833333
SB011,MPIKA,2020,1,555
SB011,MPIKA,2020,2,263.25
SB011,MPIKA,2020,3,499.4166667
SB015,MPIKA,2020,1,538.25
SB015,MPIKA,2020,2,795.0833333
SB015,MPIKA,2020,3,500.25
SB016,MPIKA,2020,1,305.4166667
SB016,MPIKA,2020,2,993.25
SB016,MPIKA,2020,3,1287.083333
SB017,MPIKA,2020,1,915.9166667
SB017,MPIKA,2020,2,781.8333333
SB017,MPIKA,2020,3,1061.583333
SB018,MPIKA,2020,1,607.25
SB018,MPIKA,2020,2,447.3333333
SB018,MPIKA,2020,3,287.4166667
SB019,MPIKA,2020,1,725.4166667
SB019,MPIKA,2020,2,788.8333333
SB019,MPIKA,2020,3,947.8333333
SB020,MPIKA,2020,1,550.75
SB020,MPIKA,2020,2,538.6666667
SB020,MPIKA,2020,3,526.5833333
SB021,MPIKA,2020,1,865.25
SB021,MPIKA,2020,2,1039.708333
SB021,MPIKA,2020,3,1214.166667
SB023,MPIKA,2020,1,560.5
SB023,MPIKA,2020,2,656.0833333
SB023,MPIKA,2020,3,656.0833333
SB024,MPIKA,2020,1,233.0833333
SB024,MPIKA,2020,2,205.3333333
SB024,MPIKA,2020,3,450.8333333
SB025,MPIKA,2020,1,186.3333333
SB025,MPIKA,2020,2,367.9166667
SB025,MPIKA,2020,3,328.8333333
SB027,MPIKA,2020,1,79.25
SB027,MPIKA,2020,2,392.2916667
SB027,MPIKA,2020,3,705.3333333
SB028,MPIKA,2020,1,427.9166667
SB028,MPIKA,2020,2,422.4166667
SB028,MPIKA,2020,3,324.1666667
SB029,MPIKA,2020,1,397.8333333
SB029,MPIKA,2020,2,546.1666667
SB029,MPIKA,2020,3,221
SB030,MPIKA,2020,1,781.4166667
SB030,MPIKA,2020,2,683.4583333
SB030,MPIKA,2020,3,585.5
SB031,MPIKA,2020,1,581
SB031,MPIKA,2020,2,454.7083333
SB031,MPIKA,2020,3,328.4166667
SB032,MPIKA,2020,1,785
SB032,MPIKA,2020,2,761.25
SB032,MPIKA,2020,3,453.25
SB034,MPIKA,2020,1,453.4166667
SB034,MPIKA,2020,2,648
SB034,MPIKA,2020,3,473.75
SB036,MPIKA,2020,1,312.6666667
SB036,MPIKA,2020,2,104.8916667
SB036,MPIKA,2020,3,281.5333333
SB037,MPIKA,2020,1,732.2916667
SB037,MPIKA,2020,2,634.3166667
SB037,MPIKA,2020,3,560.5
SB040,MPIKA,2020,1,751.3833333
SB040,MPIKA,2020,2,794.9833333
SB040,MPIKA,2020,3,495.9
SB042,MPIKA,2020,1,563.6666667
SB042,MPIKA,2020,2,242.1833333
SB042,MPIKA,2020,3,468.9583333
SB043,MPIKA,2020,1,134.9083333
SB043,MPIKA,2020,2,254.5
SB043,MPIKA,2020,3,455.7083333
SB044,MPIKA,2020,1,563.9583333
SB044,MPIKA,2020,2,362.2583333
SB044,MPIKA,2020,3,498.5416667
SB045,MPIKA,2020,1,568
SB045,MPIKA,2020,2,866.675
SB045,MPIKA,2020,3,706.4416667
SB047,MPIKA,2020,1,300.1583333
SB047,MPIKA,2020,2,225.1125
SB047,MPIKA,2020,3,150.0666667
SB048,MPIKA,2020,1,200.0416667
SB048,MPIKA,2020,2,387.725
SB048,MPIKA,2020,3,496.6666667
SB053,MPIKA,2020,1,1711.9
SB053,MPIKA,2020,2,1591.358333
SB053,MPIKA,2020,3,146.85
SB054,MPIKA,2020,1,640.15
SB054,MPIKA,2020,2,246.825
SB054,MPIKA,2020,3,459.5166667
SB055,MPIKA,2020,1,186.0333333
SB055,MPIKA,2020,2,402.35
SB055,MPIKA,2020,3,312.0583333
SB058,MPIKA,2020,1,988.75
SB058,MPIKA,2020,2,448.2833333
SB058,MPIKA,2020,3,286.35
SB059,MPIKA,2020,1,753.6333333
SB059,MPIKA,2020,2,1002.425
SB059,MPIKA,2020,3,836.3166667
SB061,MPIKA,2020,1,431.6166667
SB061,MPIKA,2020,2,337.9416667
SB061,MPIKA,2020,3,1063.216667
SB062,MPIKA,2020,1,535.8916667
SB062,MPIKA,2020,2,785.7166667
SB062,MPIKA,2020,3,733.525
SB065,MPIKA,2020,1,325.2333333
SB065,MPIKA,2020,2,153.3083333
SB065,MPIKA,2020,3,122.8166667
SB066,MPIKA,2020,1,670.8333333
SB066,MPIKA,2020,2,460.8916667
SB066,MPIKA,2020,3,250.95
SB067,MPIKA,2020,1,599.6333333
SB067,MPIKA,2020,2,482.975
SB067,MPIKA,2020,3,651.2833333
SB068,MPIKA,2020,1,386.95
SB068,MPIKA,2020,2,505.2416667
SB068,MPIKA,2020,3,872.0333333
SB069,MPIKA,2020,1,224.875
SB069,MPIKA,2020,2,117.3408333
SB069,MPIKA,2020,3,708.475
SB071,MPIKA,2020,1,530.5916667
SB071,MPIKA,2020,2,528.8916667
SB071,MPIKA,2020,3,840.025
SB074,MPIKA,2020,1,362.475
SB074,MPIKA,2020,2,792.3833333
SB074,MPIKA,2020,3,1106.466667
SB075,MPIKA,2020,1,144.3416667
SB075,MPIKA,2020,2,272.1833333
SB075,MPIKA,2020,3,326.7083333
SB076,MPIKA,2020,1,372.825
SB076,MPIKA,2020,2,354.4166667
SB076,MPIKA,2020,3,139.2
SB077,MPIKA,2020,1,695.7416667
SB077,MPIKA,2020,2,823.4083333
SB077,MPIKA,2020,3,951.075
SB078,MPIKA,2020,1,312.9916667
SB078,MPIKA,2020,2,630.1833333
SB078,MPIKA,2020,3,696.1916667
SB079,MPIKA,2020,1,93.23333333
SB079,MPIKA,2020,2,237.8416667
SB079,MPIKA,2020,3,663.8
SB082,MPIKA,2020,1,170.5666667
SB082,MPIKA,2020,2,1209.716667
SB082,MPIKA,2020,3,612.2166667
SB083,MPIKA,2020,1,708.8083333
SB083,MPIKA,2020,2,535.0083333
SB083,MPIKA,2020,3,544.0833333
SB084,MPIKA,2020,1,346.375
SB084,MPIKA,2020,2,485.925
SB084,MPIKA,2020,3,532.5666667
SB085,MPIKA,2020,1,169.75
SB085,MPIKA,2020,2,299.275
SB085,MPIKA,2020,3,336.8083333
SB086,MPIKA,2020,1,279.7
SB086,MPIKA,2020,2,483.9833333
SB086,MPIKA,2020,3,550.2333333
SB089,MPIKA,2020,1,234.7333333
SB089,MPIKA,2020,2,323.9583333
SB089,MPIKA,2020,3,413.1833333
SB090,MPIKA,2020,1,446.9333333
SB090,MPIKA,2020,2,624.8333333
SB090,MPIKA,2020,3,685.5
SB091,MPIKA,2020,1,278.0666667
SB091,MPIKA,2020,2,616.1083333
SB091,MPIKA,2020,3,372.0416667
SB092,MPIKA,2020,1,218.9333333
SB092,MPIKA,2020,2,341.3125
SB092,MPIKA,2020,3,463.6916667
SB093,MPIKA,2020,1,352.575
SB093,MPIKA,2020,2,354.6041667
SB093,MPIKA,2020,3,356.6333333
SB094,MPIKA,2020,1,414.7666667
SB094,MPIKA,2020,2,714.4
SB094,MPIKA,2020,3,298.8666667
SB095,MPIKA,2020,1,172.5
SB095,MPIKA,2020,2,365.5583333
SB095,MPIKA,2020,3,430.9416667
SB096,MPIKA,2020,1,304.0166667
SB096,MPIKA,2020,2,394.0708333
SB096,MPIKA,2020,3,484.125
SB097,MPIKA,2020,1,566.8583333
SB097,MPIKA,2020,2,581.0041667
SB097,MPIKA,2020,3,595.15
SB099,MPIKA,2020,1,358.7166667
SB099,MPIKA,2020,2,787.15
SB099,MPIKA,2020,3,722.5333333
SB101,MPIKA,2020,1,319.1
SB101,MPIKA,2020,2,658.7166667
SB101,MPIKA,2020,3,530.525
SB102,MPIKA,2020,1,235.0333333
SB102,MPIKA,2020,2,734.8333333
SB102,MPIKA,2020,3,1203.5
SB104,MPIKA,2020,1,392.05
SB104,MPIKA,2020,2,851.5833333
SB104,MPIKA,2020,3,554.6916667
SB105,MPIKA,2020,1,485.75
SB105,MPIKA,2020,2,243.125
SB105,MPIKA,2020,3,737.125
SB107,MPIKA,2020,1,230.9166667
SB107,MPIKA,2020,2,316.6083333
SB107,MPIKA,2020,3,408.8
SB108,MPIKA,2020,1,306.8333333
SB108,MPIKA,2020,2,493.6125
SB108,MPIKA,2020,3,680.3916667
SB109,MPIKA,2020,1,674.5833333
SB109,MPIKA,2020,2,721.25
SB109,MPIKA,2020,3,1009.416667
SB110,MPIKA,2020,1,669.0833333
SB110,MPIKA,2020,2,354.8333333
SB110,MPIKA,2020,3,363.25
SB112,MPIKA,2020,1,267.4
SB112,MPIKA,2020,2,331.0833333
SB112,MPIKA,2020,3,625.1666667
SB113,MPIKA,2020,1,387.9166667
SB113,MPIKA,2020,2,291.0833333
SB113,MPIKA,2020,3,680.3333333
SB114,MPIKA,2020,1,626.3333333
SB114,MPIKA,2020,2,1033.5
SB114,MPIKA,2020,3,696
SB115,MPIKA,2020,1,472
SB115,MPIKA,2020,2,345.6666667
SB115,MPIKA,2020,3,291
SB116,MPIKA,2020,1,147.6666667
SB116,MPIKA,2020,2,177
SB116,MPIKA,2020,3,93.58333333
SB120,MPIKA,2020,1,415.8333333
SB120,MPIKA,2020,2,525.4166667
SB120,MPIKA,2020,3,161.75
SB121,MPIKA,2020,1,928.5
SB121,MPIKA,2020,2,922.125
SB121,MPIKA,2020,3,915.75
SB123,MPIKA,2020,1,307.0833333
SB123,MPIKA,2020,2,503.25
SB123,MPIKA,2020,3,1106.583333
SB125,MPIKA,2020,1,383.8333333
SB125,MPIKA,2020,2,878.4166667
SB125,MPIKA,2020,3,770.8333333
SB127,MPIKA,2020,1,183
SB127,MPIKA,2020,2,260.25
SB127,MPIKA,2020,3,351.5
SB130,MPIKA,2020,1,1004.25
SB130,MPIKA,2020,2,489.1666667
SB130,MPIKA,2020,3,739.75
SB131,MPIKA,2020,1,345.8333333
SB131,MPIKA,2020,2,503.1666667
SB131,MPIKA,2020,3,441.5
SB132,MPIKA,2020,1,553.5833333
SB132,MPIKA,2020,2,357.4166667
SB132,MPIKA,2020,3,758.1666667
SB136,MPIKA,2020,1,775.75
SB136,MPIKA,2020,2,684.3333333
SB136,MPIKA,2020,3,688.75
SB138,MPIKA,2020,1,294.3333333
SB138,MPIKA,2020,2,149.5
SB138,MPIKA,2020,3,86.33333333
SB140,MPIKA,2020,1,382.5833333
SB140,MPIKA,2020,2,388.4166667
SB140,MPIKA,2020,3,283.9166667
SB141,MPIKA,2020,1,468.4166667
SB141,MPIKA,2020,2,1398.083333
SB141,MPIKA,2020,3,515
SB142,MPIKA,2020,1,211.8333333
SB142,MPIKA,2020,2,719.8333333
SB142,MPIKA,2020,3,1484.583333
SB143,MPIKA,2020,1,471
SB143,MPIKA,2020,2,287.1666667
SB143,MPIKA,2020,3,746.9166667
SB144,MPIKA,2020,1,196.25
SB144,MPIKA,2020,2,445.3333333
SB144,MPIKA,2020,3,284.75
SB145,MPIKA,2020,1,221.5
SB145,MPIKA,2020,2,386.9166667
SB145,MPIKA,2020,3,211.8333333
SB146,MPIKA,2020,1,692.5
SB146,MPIKA,2020,2,658.375
SB146,MPIKA,2020,3,624.25
SB147,MPIKA,2020,1,308.5
SB147,MPIKA,2020,2,252.5416667
SB147,MPIKA,2020,3,196.5833333
SB148,MPIKA,2020,1,625.5
SB148,MPIKA,2020,2,424.8333333
SB148,MPIKA,2020,3,1164.333333
SB150,MPIKA,2020,1,190.5833333
SB150,MPIKA,2020,2,441.6666667
SB150,MPIKA,2020,3,672.75
SB154,MPIKA,2020,1,414.5
SB154,MPIKA,2020,2,498.9166667
SB154,MPIKA,2020,3,508
SB156,MPIKA,2020,1,791.1666667
SB156,MPIKA,2020,2,612.0833333
SB156,MPIKA,2020,3,815.5
SB157,MPIKA,2020,1,495.25
SB157,MPIKA,2020,2,1289.583333
SB157,MPIKA,2020,3,936
SB158,MPIKA,2020,1,396.0833333
SB158,MPIKA,2020,2,323.4166667
SB158,MPIKA,2020,3,453
SB160,MPIKA,2020,1,467
SB160,MPIKA,2020,2,461.3333333
SB160,MPIKA,2020,3,580.0833333
SB161,MPIKA,2020,1,637.0833333
SB161,MPIKA,2020,2,1122.916667
SB161,MPIKA,2020,3,181.0833333
SB162,MPIKA,2020,1,335.0833333
SB162,MPIKA,2020,2,695.4166667
SB162,MPIKA,2020,3,1055.75
SB163,MPIKA,2020,1,168.3333333
SB163,MPIKA,2020,2,1613.666667
SB163,MPIKA,2020,3,399.8333333
SB164,MPIKA,2020,1,184.0833333
SB164,MPIKA,2020,2,325.75
SB164,MPIKA,2020,3,336.8333333
SB165,MPIKA,2020,1,915.8333333
SB165,MPIKA,2020,2,1018.75
SB165,MPIKA,2020,3,967.2916667
SB166,MPIKA,2020,1,299.75
SB166,MPIKA,2020,2,344.4583333
SB166,MPIKA,2020,3,389.1666667
SB167,MPIKA,2020,1,437.25
SB167,MPIKA,2020,2,545.0833333
SB167,MPIKA,2020,3,378.3333333
SB168,MPIKA,2020,1,326.1666667
SB168,MPIKA,2020,2,456.8333333
SB168,MPIKA,2020,3,520.0833333
SB169,MPIKA,2020,1,667.1666667
SB169,MPIKA,2020,2,860.4583333
SB169,MPIKA,2020,3,1053.75
SB171,MPIKA,2020,1,403.6666667
SB171,MPIKA,2020,2,607.5833333
SB171,MPIKA,2020,3,725
SB172,MPIKA,2020,1,416
SB172,MPIKA,2020,2,409.0833333
SB172,MPIKA,2020,3,402.1666667
SB173,MPIKA,2020,1,448.6666667
SB173,MPIKA,2020,2,552.75
SB173,MPIKA,2020,3,421.3333333
SB174,MPIKA,2020,1,187.5
SB174,MPIKA,2020,2,233.3333333
SB174,MPIKA,2020,3,468.75
SB176,MPIKA,2020,1,400.0833333
SB176,MPIKA,2020,2,390.5
SB176,MPIKA,2020,3,357.6666667
SB177,MPIKA,2020,1,821
SB177,MPIKA,2020,2,371.6666667
SB177,MPIKA,2020,3,576.5833333
SB178,MPIKA,2020,1,220.6666667
SB178,MPIKA,2020,2,876.6666667
SB178,MPIKA,2020,3,333.25
SB179,MPIKA,2020,1,316.6666667
SB179,MPIKA,2020,2,413.9166667
SB179,MPIKA,2020,3,511.1666667
SB180,MPIKA,2020,1,895.8333333
SB180,MPIKA,2020,2,851.3333333
SB180,MPIKA,2020,3,797.5833333
SB181,MPIKA,2020,1,611.75
SB181,MPIKA,2020,2,538
SB181,MPIKA,2020,3,464.25
SB182,MPIKA,2020,1,664.3333333
SB182,MPIKA,2020,2,620.4166667
SB182,MPIKA,2020,3,576.5
SB183,MPIKA,2020,1,317.5
SB183,MPIKA,2020,2,248.75
SB183,MPIKA,2020,3,833.1666667
SB184,MPIKA,2020,1,253.6666667
SB184,MPIKA,2020,2,492.75
SB184,MPIKA,2020,3,780.9166667
SB185,MPIKA,2020,1,605
SB185,MPIKA,2020,2,593.1666667
SB185,MPIKA,2020,3,581.3333333
SB186,MPIKA,2020,1,718.0833333
SB186,MPIKA,2020,2,559.5
SB186,MPIKA,2020,3,961.6666667
SB187,MPIKA,2020,1,202.75
SB187,MPIKA,2020,2,402.25
SB187,MPIKA,2020,3,631.5833333
SB189,MPIKA,2020,1,566.75
SB189,MPIKA,2020,2,756.1666667
SB189,MPIKA,2020,3,1078.416667
SB190,MPIKA,2020,1,734.3333333
SB190,MPIKA,2020,2,848.1666667
SB190,MPIKA,2020,3,932
SB192,MPIKA,2020,1,658.0833333
SB192,MPIKA,2020,2,485.75
SB192,MPIKA,2020,3,988.75
SB195,MPIKA,2020,1,958.3333333
SB195,MPIKA,2020,2,629.1666667
SB195,MPIKA,2020,3,621.1666667
SB197,MPIKA,2020,1,558.5
SB197,MPIKA,2020,2,722.0833333
SB197,MPIKA,2020,3,504.9166667
SB198,MPIKA,2020,1,588.1666667
SB198,MPIKA,2020,2,297.75
SB198,MPIKA,2020,3,575.5
SB199,MPIKA,2020,1,369.9166667
SB199,MPIKA,2020,2,274.0833333
SB199,MPIKA,2020,3,178.25
SB200,MPIKA,2020,1,338.75
SB200,MPIKA,2020,2,664.9166667
SB200,MPIKA,2020,3,705.5833333
SB202,MPIKA,2020,1,541.4166667
SB202,MPIKA,2020,2,-
SB202,MPIKA,2020,3,429.9166667
SB203,MPIKA,2020,1,399.9166667
SB203,MPIKA,2020,2,588.75
SB203,MPIKA,2020,3,712
SB206,MPIKA,2020,1,544.0833333
SB206,MPIKA,2020,2,375.1666667
SB206,MPIKA,2020,3,829.5833333
SB207,MPIKA,2020,1,510.0833333
SB207,MPIKA,2020,2,621.6666667
SB207,MPIKA,2020,3,1036.166667
SB209,MPIKA,2020,1,398.9166667
SB209,MPIKA,2020,2,269.0833333
SB209,MPIKA,2020,3,563.0833333
SB210,MPIKA,2020,1,270.75
SB210,MPIKA,2020,2,320.75
SB210,MPIKA,2020,3,1199.416667
SB212,MPIKA,2020,1,316.75
SB212,MPIKA,2020,2,483.8333333
SB212,MPIKA,2020,3,635
SB213,MPIKA,2020,1,539.0833333
SB213,MPIKA,2020,2,299.4166667
SB213,MPIKA,2020,3,952.6666667
SB214,MPIKA,2020,1,115.75
SB214,MPIKA,2020,2,205.9166667
SB214,MPIKA,2020,3,325.5
SB001,MPIKA,2021,1,46.04166667
SB001,MPIKA,2021,2,670
SB001,MPIKA,2021,3,347.5
SB002,MPIKA,2021,1,619.5833333
SB002,MPIKA,2021,2,487.2916667
SB002,MPIKA,2021,3,1061.666667
SB003,MPIKA,2021,1,827.5
SB003,MPIKA,2021,2,1121.666667
SB003,MPIKA,2021,3,809.375
SB004,MPIKA,2021,1,723.5416667
SB004,MPIKA,2021,2,1223.75
SB004,MPIKA,2021,3,937.5
SB005,MPIKA,2021,1,146.875
SB005,MPIKA,2021,2,860.2083333
SB005,MPIKA,2021,3,492.7083333
SB006,MPIKA,2021,1,539.7916667
SB006,MPIKA,2021,2,621.6666667
SB006,MPIKA,2021,3,546.4583333
SB007,MPIKA,2021,1,731.5833333
SB007,MPIKA,2021,2,601.25
SB007,MPIKA,2021,3,576.6666667
SB008,MPIKA,2021,1,439.1666667
SB008,MPIKA,2021,2,816.0416667
SB008,MPIKA,2021,3,263.9583333
SB009,MPIKA,2021,1,595.625
SB009,MPIKA,2021,2,707.7083333
SB009,MPIKA,2021,3,768.125
SB011,MPIKA,2021,1,451.875
SB011,MPIKA,2021,2,521.0416667
SB011,MPIKA,2021,3,388.9583333
SB012,MPIKA,2021,1,1396.666667
SB012,MPIKA,2021,2,1183.333333
SB012,MPIKA,2021,3,1024.583333
SB015,MPIKA,2021,1,902.9166667
SB015,MPIKA,2021,2,1250.416667
SB015,MPIKA,2021,3,842.9166667
SB016,MPIKA,2021,1,1281.458333
SB016,MPIKA,2021,2,1656.25
SB016,MPIKA,2021,3,1085.208333
SB017,MPIKA,2021,1,1295.416667
SB017,MPIKA,2021,2,1083.333333
SB017,MPIKA,2021,3,1180
SB018,MPIKA,2021,1,1122.083333
SB018,MPIKA,2021,2,1050.833333
SB018,MPIKA,2021,3,1081.25
SB019,MPIKA,2021,1,1161.458333
SB019,MPIKA,2021,2,1125.416667
SB019,MPIKA,2021,3,1227.291667
SB020,MPIKA,2021,1,798.3333333
SB020,MPIKA,2021,2,1150
SB020,MPIKA,2021,3,797.5
SB021,MPIKA,2021,1,1155
SB021,MPIKA,2021,2,1154.791667
SB021,MPIKA,2021,3,825
SB022,MPIKA,2021,1,962.7083333
SB022,MPIKA,2021,2,1116.25
SB022,MPIKA,2021,3,1083.125
SB023,MPIKA,2021,1,1167.083333
SB023,MPIKA,2021,2,956.0416667
SB023,MPIKA,2021,3,1202.916667
SB025,MPIKA,2021,1,384.375
SB025,MPIKA,2021,2,1230.208333
SB025,MPIKA,2021,3,515
SB027,MPIKA,2021,1,960
SB027,MPIKA,2021,2,968.5416667
SB027,MPIKA,2021,3,861.6666667
SB029,MPIKA,2021,1,1173.75
SB029,MPIKA,2021,2,579.5833333
SB029,MPIKA,2021,3,1327.083333
SB030,MPIKA,2021,1,846.4583333
SB030,MPIKA,2021,2,1064.791667
SB030,MPIKA,2021,3,1102.083333
SB031,MPIKA,2021,1,603.9583333
SB031,MPIKA,2021,2,580
SB031,MPIKA,2021,3,155.2083333
SB032,MPIKA,2021,1,958.75
SB032,MPIKA,2021,2,1320.208333
SB032,MPIKA,2021,3,692.9166667
SB033,MPIKA,2021,1,1269.375
SB033,MPIKA,2021,2,731.25
SB033,MPIKA,2021,3,1403.958333
SB034,MPIKA,2021,1,817.2916667
SB034,MPIKA,2021,2,1212.916667
SB034,MPIKA,2021,3,1250.625
SB036,MPIKA,2021,1,866.6666667
SB036,MPIKA,2021,2,1216.666667
SB036,MPIKA,2021,3,515.4166667
SB037,MPIKA,2021,1,496.6666667
SB037,MPIKA,2021,2,1378.958333
SB037,MPIKA,2021,3,1190.416667
SB040,MPIKA,2021,1,2365.416667
SB040,MPIKA,2021,2,1048.333333
SB040,MPIKA,2021,3,860.8333333
SB041,MPIKA,2021,1,551.25
SB041,MPIKA,2021,2,1018.333333
SB041,MPIKA,2021,3,751.875
SB042,MPIKA,2021,1,766.875
SB042,MPIKA,2021,2,825.8333333
SB042,MPIKA,2021,3,1171.458333
SB043,MPIKA,2021,1,772.9166667
SB043,MPIKA,2021,2,576.6666667
SB043,MPIKA,2021,3,943.125
SB044,MPIKA,2021,1,543.125
SB044,MPIKA,2021,2,821.4583333
SB044,MPIKA,2021,3,557.2916667
SB045,MPIKA,2021,1,874.1666667
SB045,MPIKA,2021,2,1277.5
SB045,MPIKA,2021,3,675.4166667
SB047,MPIKA,2021,1,681.875
SB047,MPIKA,2021,2,1176.875
SB047,MPIKA,2021,3,1139.166667
SB048,MPIKA,2021,1,952.5
SB048,MPIKA,2021,2,1069.583333
SB048,MPIKA,2021,3,636.25
SB052,MPIKA,2021,1,729.7916667
SB052,MPIKA,2021,2,1027.291667
SB052,MPIKA,2021,3,878.5416667
SB053,MPIKA,2021,1,601.6666667
SB053,MPIKA,2021,2,973.9583333
SB053,MPIKA,2021,3,763.75
SB054,MPIKA,2021,1,759.5833333
SB054,MPIKA,2021,2,937.5
SB054,MPIKA,2021,3,953.5416667
SB055,MPIKA,2021,1,988.9583333
SB055,MPIKA,2021,2,903.9583333
SB055,MPIKA,2021,3,807.0833333
SB056,MPIKA,2021,1,600
SB056,MPIKA,2021,2,1454.375
SB056,MPIKA,2021,3,579.5833333
SB058,MPIKA,2021,1,301.875
SB058,MPIKA,2021,2,1034.375
SB058,MPIKA,2021,3,229.5833333
SB059,MPIKA,2021,1,177.9166667
SB059,MPIKA,2021,2,1025.625
SB059,MPIKA,2021,3,158.125
SB061,MPIKA,2021,1,840.2083333
SB061,MPIKA,2021,2,468.125
SB061,MPIKA,2021,3,518.9583333
SB062,MPIKA,2021,1,1134.375
SB062,MPIKA,2021,2,992.0833333
SB062,MPIKA,2021,3,637.5
SB065,MPIKA,2021,1,855.4166667
SB065,MPIKA,2021,2,961.875
SB065,MPIKA,2021,3,608.5416667
SB066,MPIKA,2021,1,1319.583333
SB066,MPIKA,2021,2,922.5
SB066,MPIKA,2021,3,1227.916667
SB067,MPIKA,2021,1,1318.75
SB067,MPIKA,2021,2,1230.416667
SB067,MPIKA,2021,3,763.9583333
SB068,MPIKA,2021,1,1020
SB068,MPIKA,2021,2,1333.958333
SB068,MPIKA,2021,3,577.9166667
SB069,MPIKA,2021,1,1099.375
SB069,MPIKA,2021,2,760
SB069,MPIKA,2021,3,1210.833333
SB071,MPIKA,2021,1,1247.291667
SB071,MPIKA,2021,2,873.75
SB071,MPIKA,2021,3,880.625
SB074,MPIKA,2021,1,1327.5
SB074,MPIKA,2021,2,1089.375
SB074,MPIKA,2021,3,1340.833333
SB075,MPIKA,2021,1,908.3333333
SB075,MPIKA,2021,2,439.1666667
SB075,MPIKA,2021,3,404.5833333
SB076,MPIKA,2021,1,1205.416667
SB076,MPIKA,2021,2,939.7916667
SB076,MPIKA,2021,3,1312.083333
SB077,MPIKA,2021,1,1539.166667
SB077,MPIKA,2021,2,783.125
SB077,MPIKA,2021,3,828.3333333
SB078,MPIKA,2021,1,798.75
SB078,MPIKA,2021,2,1322.5
SB078,MPIKA,2021,3,527.7083333
SB079,MPIKA,2021,1,977.5
SB079,MPIKA,2021,2,1136.458333
SB079,MPIKA,2021,3,874.1666667
SB082,MPIKA,2021,1,1000.625
SB082,MPIKA,2021,2,900.8333333
SB082,MPIKA,2021,3,889.5833333
SB083,MPIKA,2021,1,773.3333333
SB083,MPIKA,2021,2,1051.458333
SB083,MPIKA,2021,3,816.25
SB084,MPIKA,2021,1,741.6666667
SB084,MPIKA,2021,2,188.9583333
SB084,MPIKA,2021,3,604.1666667
SB085,MPIKA,2021,1,767.2916667
SB085,MPIKA,2021,2,895.8333333
SB085,MPIKA,2021,3,846.6666667
SB086,MPIKA,2021,1,746.4583333
SB086,MPIKA,2021,2,1146.458333
SB086,MPIKA,2021,3,668.125
SB087,MPIKA,2021,1,1142.5
SB087,MPIKA,2021,2,1496.875
SB087,MPIKA,2021,3,1319.6875
SB089,MPIKA,2021,1,818.3333333
SB089,MPIKA,2021,2,855.8333333
SB089,MPIKA,2021,3,1218.541667
SB090,MPIKA,2021,1,1253.958333
SB090,MPIKA,2021,2,1144.375
SB090,MPIKA,2021,3,1419.583333
SB091,MPIKA,2021,1,619.375
SB091,MPIKA,2021,2,946.6666667
SB091,MPIKA,2021,3,962.2916667
SB092,MPIKA,2021,1,867.7083333
SB092,MPIKA,2021,2,1014.791667
SB092,MPIKA,2021,3,660.8333333
SB093,MPIKA,2021,1,963.75
SB093,MPIKA,2021,2,1199.583333
SB093,MPIKA,2021,3,835.2083333
SB094,MPIKA,2021,1,1326.875
SB094,MPIKA,2021,2,1265.833333
SB094,MPIKA,2021,3,1263.125
SB095,MPIKA,2021,1,715.4166667
SB095,MPIKA,2021,2,1179.375
SB095,MPIKA,2021,3,722.7083333
SB096,MPIKA,2021,1,639.5833333
SB096,MPIKA,2021,2,1256.875
SB096,MPIKA,2021,3,927.2916667
SB097,MPIKA,2021,1,1084.791667
SB097,MPIKA,2021,2,1228.75
SB097,MPIKA,2021,3,475.625
SB098,MPIKA,2021,1,713.5416667
SB098,MPIKA,2021,2,698.75
SB098,MPIKA,2021,3,992.9166667
SB099,MPIKA,2021,1,300.8333333
SB099,MPIKA,2021,2,796.25
SB099,MPIKA,2021,3,573.75
SB100,MPIKA,2021,1,523.5416667
SB100,MPIKA,2021,2,958.5416667
SB100,MPIKA,2021,3,1006.458333
SB101,MPIKA,2021,1,985.4166667
SB101,MPIKA,2021,2,676.25
SB101,MPIKA,2021,3,609.5833333
SB102,MPIKA,2021,1,1124.791667
SB102,MPIKA,2021,2,826.6666667
SB102,MPIKA,2021,3,1405.208333
SB104,MPIKA,2021,1,750
SB104,MPIKA,2021,2,1164.791667
SB104,MPIKA,2021,3,682.0833333
SB105,MPIKA,2021,1,1078.75
SB105,MPIKA,2021,2,1002.916667
SB105,MPIKA,2021,3,1000
SB107,MPIKA,2021,1,938.9583333
SB107,MPIKA,2021,2,943.9583333
SB107,MPIKA,2021,3,920.2083333
SB108,MPIKA,2021,1,1386.666667
SB108,MPIKA,2021,2,1509.166667
SB108,MPIKA,2021,3,1280.208333
SB109,MPIKA,2021,1,1593.958333
SB109,MPIKA,2021,2,1317.5
SB109,MPIKA,2021,3,1448.333333
SB110,MPIKA,2021,1,909.375
SB110,MPIKA,2021,2,1042.083333
SB110,MPIKA,2021,3,991.25
SB111,MPIKA,2021,1,783.3333333
SB111,MPIKA,2021,2,922.2916667
SB111,MPIKA,2021,3,807.0833333
SB112,MPIKA,2021,1,866.25
SB112,MPIKA,2021,2,972.0833333
SB112,MPIKA,2021,3,617.0833333
SB113,MPIKA,2021,1,696.4583333
SB113,MPIKA,2021,2,885.2083333
SB113,MPIKA,2021,3,2586.666667
SB114,MPIKA,2021,1,1002.5
SB114,MPIKA,2021,2,871.875
SB114,MPIKA,2021,3,937.1875
SB115,MPIKA,2021,1,568.9583333
SB115,MPIKA,2021,2,857.9166667
SB115,MPIKA,2021,3,376.6666667
SB116,MPIKA,2021,1,492.2916667
SB116,MPIKA,2021,2,938.75
SB116,MPIKA,2021,3,832.5
SB119,MPIKA,2021,1,622.2916667
SB119,MPIKA,2021,2,818.5416667
SB119,MPIKA,2021,3,682.5
SB120,MPIKA,2021,1,603.75
SB120,MPIKA,2021,2,1283.958333
SB120,MPIKA,2021,3,737.0833333
SB121,MPIKA,2021,1,1472.916667
SB121,MPIKA,2021,2,1236.5
SB121,MPIKA,2021,3,1347.916667
SB123,MPIKA,2021,1,1391.666667
SB123,MPIKA,2021,2,1155.625
SB123,MPIKA,2021,3,1392.083333
SB124,MPIKA,2021,1,1428.541667
SB124,MPIKA,2021,2,1196.458333
SB124,MPIKA,2021,3,750.2083333
SB125,MPIKA,2021,1,1153.125
SB125,MPIKA,2021,2,1067.083333
SB125,MPIKA,2021,3,690.8333333
SB127,MPIKA,2021,1,762.9166667
SB127,MPIKA,2021,2,865.1041667
SB127,MPIKA,2021,3,967.2916667
SB128,MPIKA,2021,1,915
SB128,MPIKA,2021,2,1252.5
SB128,MPIKA,2021,3,580
SB130,MPIKA,2021,1,1154.791667
SB130,MPIKA,2021,2,1174.375
SB130,MPIKA,2021,3,804.375
SB131,MPIKA,2021,1,1144.791667
SB131,MPIKA,2021,2,1068.541667
SB131,MPIKA,2021,3,644.375
SB132,MPIKA,2021,1,845.625
SB132,MPIKA,2021,2,2028.75
SB132,MPIKA,2021,3,808.125
SB136,MPIKA,2021,1,471.0416667
SB136,MPIKA,2021,2,875.4166667
SB136,MPIKA,2021,3,1363.333333
SB138,MPIKA,2021,1,728.3333333
SB138,MPIKA,2021,2,643.9583333
SB138,MPIKA,2021,3,783.125
SB140,MPIKA,2021,1,1171.041667
SB140,MPIKA,2021,2,1203.541667
SB140,MPIKA,2021,3,993.125
SB141,MPIKA,2021,1,1495.416667
SB141,MPIKA,2021,2,1622.708333
SB141,MPIKA,2021,3,858.3333333
SB142,MPIKA,2021,1,543.75
SB142,MPIKA,2021,2,1693.125
SB142,MPIKA,2021,3,1022.083333
SB143,MPIKA,2021,1,1027.5
SB143,MPIKA,2021,2,1094.166667
SB143,MPIKA,2021,3,677.5
SB144,MPIKA,2021,1,1212.916667
SB144,MPIKA,2021,2,1292.291667
SB144,MPIKA,2021,3,883.5416667
SB145,MPIKA,2021,1,1426.041667
SB145,MPIKA,2021,2,1302.916667
SB145,MPIKA,2021,3,1319.583333
SB146,MPIKA,2021,1,574.5833333
SB146,MPIKA,2021,2,797.9166667
SB146,MPIKA,2021,3,668.75
SB147,MPIKA,2021,1,865.4166667
SB147,MPIKA,2021,2,1202.291667
SB147,MPIKA,2021,3,785.8333333
SB148,MPIKA,2021,1,1050.833333
SB148,MPIKA,2021,2,849.375
SB148,MPIKA,2021,3,963.3333333
SB149,MPIKA,2021,1,947.0833333
SB149,MPIKA,2021,2,1518.958333
SB149,MPIKA,2021,3,1116.25
SB150,MPIKA,2021,1,1327.708333
SB150,MPIKA,2021,2,1515.833333
SB150,MPIKA,2021,3,582.9166667
SB153,MPIKA,2021,1,351.25
SB153,MPIKA,2021,2,447.0833333
SB153,MPIKA,2021,3,542.9166667
SB154,MPIKA,2021,1,863.75
SB154,MPIKA,2021,2,838.125
SB154,MPIKA,2021,3,812.5
SB156,MPIKA,2021,1,867.5
SB156,MPIKA,2021,2,1106.666667
SB156,MPIKA,2021,3,846.25
SB157,MPIKA,2021,1,661.4583333
SB157,MPIKA,2021,2,1342.083333
SB157,MPIKA,2021,3,601.4583333
SB158,MPIKA,2021,1,1085.625
SB158,MPIKA,2021,2,1316.666667
SB158,MPIKA,2021,3,878.125
SB160,MPIKA,2021,1,747.2916667
SB160,MPIKA,2021,2,1018.958333
SB160,MPIKA,2021,3,1100.625
SB161,MPIKA,2021,1,1114.583333
SB161,MPIKA,2021,2,1763.125
SB161,MPIKA,2021,3,1017.5
SB162,MPIKA,2021,1,1380.833333
SB162,MPIKA,2021,2,1595.416667
SB162,MPIKA,2021,3,1040.416667
SB163,MPIKA,2021,1,1410.416667
SB163,MPIKA,2021,2,1373.333333
SB163,MPIKA,2021,3,661.25
SB164,MPIKA,2021,1,1258.958333
SB164,MPIKA,2021,2,988.75
SB164,MPIKA,2021,3,420.4166667
SB165,MPIKA,2021,1,1181.041667
SB165,MPIKA,2021,2,756.4583333
SB165,MPIKA,2021,3,733.3333333
SB166,MPIKA,2021,1,885.8333333
SB166,MPIKA,2021,2,540
SB166,MPIKA,2021,3,921.4583333
SB167,MPIKA,2021,1,1150.625
SB167,MPIKA,2021,2,1038.125
SB167,MPIKA,2021,3,930.2083333
SB168,MPIKA,2021,1,1225.208333
SB168,MPIKA,2021,2,1133.541667
SB168,MPIKA,2021,3,903.3333333
SB169,MPIKA,2021,1,1136.458333
SB169,MPIKA,2021,2,1202.083333
SB169,MPIKA,2021,3,1243.333333
SB171,MPIKA,2021,1,1214.375
SB171,MPIKA,2021,2,1194.583333
SB171,MPIKA,2021,3,1065.833333
SB172,MPIKA,2021,1,1202.083333
SB172,MPIKA,2021,2,1240.208333
SB172,MPIKA,2021,3,738.9583333
SB173,MPIKA,2021,1,1058.958333
SB173,MPIKA,2021,2,1321.666667
SB173,MPIKA,2021,3,858.9583333
SB174,MPIKA,2021,1,563.3333333
SB174,MPIKA,2021,2,978.3333333
SB174,MPIKA,2021,3,718.75
SB175,MPIKA,2021,1,867.9166667
SB175,MPIKA,2021,2,771.0416667
SB175,MPIKA,2021,3,819.4791667
SB176,MPIKA,2021,1,740.625
SB176,MPIKA,2021,2,1056.666667
SB176,MPIKA,2021,3,820.2083333
SB177,MPIKA,2021,1,1003.333333
SB177,MPIKA,2021,2,1451.666667
SB177,MPIKA,2021,3,704.7916667
SB178,MPIKA,2021,1,584.7916667
SB178,MPIKA,2021,2,999.5833333
SB178,MPIKA,2021,3,623.3333333
SB179,MPIKA,2021,1,1122.5
SB179,MPIKA,2021,2,1126.25
SB179,MPIKA,2021,3,684.5833333
SB180,MPIKA,2021,1,849.7916667
SB180,MPIKA,2021,2,886.0416667
SB180,MPIKA,2021,3,922.2916667
SB181,MPIKA,2021,1,744.1666667
SB181,MPIKA,2021,2,1006.875
SB181,MPIKA,2021,3,797.0833333
SB182,MPIKA,2021,1,1116.666667
SB182,MPIKA,2021,2,994.7916667
SB182,MPIKA,2021,3,1306.458333
SB183,MPIKA,2021,1,877.5
SB183,MPIKA,2021,2,841.875
SB183,MPIKA,2021,3,650.2083333
SB184,MPIKA,2021,1,1217.5
SB184,MPIKA,2021,2,632.5
SB184,MPIKA,2021,3,526.25
SB185,MPIKA,2021,1,1271.041667
SB185,MPIKA,2021,2,975
SB185,MPIKA,2021,3,533.5416667
SB186,MPIKA,2021,1,1107.083333
SB186,MPIKA,2021,2,1025
SB186,MPIKA,2021,3,1024.166667
SB187,MPIKA,2021,1,837.5
SB187,MPIKA,2021,2,1096.666667
SB187,MPIKA,2021,3,1378.541667
SB189,MPIKA,2021,1,1307.291667
SB189,MPIKA,2021,2,702.0833333
SB189,MPIKA,2021,3,484.7916667
SB190,MPIKA,2021,1,637.5
SB190,MPIKA,2021,2,656.25
SB190,MPIKA,2021,3,1020.833333
SB192,MPIKA,2021,1,796.4583333
SB192,MPIKA,2021,2,711.875
SB192,MPIKA,2021,3,523.3333333
SB195,MPIKA,2021,1,736.875
SB195,MPIKA,2021,2,953.125
SB195,MPIKA,2021,3,637.2916667
SB197,MPIKA,2021,1,1637.5
SB197,MPIKA,2021,2,890.4166667
SB197,MPIKA,2021,3,730
SB198,MPIKA,2021,1,681.25
SB198,MPIKA,2021,2,969.1666667
SB198,MPIKA,2021,3,665.4166667
SB199,MPIKA,2021,1,442.0833333
SB199,MPIKA,2021,2,1047.708333
SB199,MPIKA,2021,3,538.9583333
SB200,MPIKA,2021,1,2270.416667
SB200,MPIKA,2021,2,1001.875
SB200,MPIKA,2021,3,940.4166667
SB201,MPIKA,2021,1,1153.541667
SB201,MPIKA,2021,2,1240.416667
SB201,MPIKA,2021,3,1183.541667
SB202,MPIKA,2021,1,849.375
SB202,MPIKA,2021,2,1112.708333
SB202,MPIKA,2021,3,647.2916667
SB203,MPIKA,2021,1,587.2916667
SB203,MPIKA,2021,2,772.9166667
SB203,MPIKA,2021,3,750
SB206,MPIKA,2021,1,1271.041667
SB206,MPIKA,2021,2,983.9583333
SB206,MPIKA,2021,3,706.4583333
SB207,MPIKA,2021,1,1146.041667
SB207,MPIKA,2021,2,434.7916667
SB207,MPIKA,2021,3,1002.708333
SB209,MPIKA,2021,1,867.5
SB209,MPIKA,2021,2,1448.125
SB209,MPIKA,2021,3,1158.958333
SB210,MPIKA,2021,1,644.1666667
SB210,MPIKA,2021,2,823.75
SB210,MPIKA,2021,3,897.5
SB212,MPIKA,2021,1,901.6666667
SB212,MPIKA,2021,2,1141.041667
SB212,MPIKA,2021,3,1262.5
SB213,MPIKA,2021,1,1799.791667
SB213,MPIKA,2021,2,1088.958333
SB213,MPIKA,2021,3,884.1666667
SB214,MPIKA,2021,1,802.0833333
SB214,MPIKA,2021,2,819.5833333
SB214,MPIKA,2021,3,732.0833333
SB001,UNZA,2017,1,476.9166667
SB001,UNZA,2017,2,550
SB001,UNZA,2017,3,513.4583333
SB002,UNZA,2017,1,1230.458333
SB002,UNZA,2017,2,1421.625
SB002,UNZA,2017,3,1326.041667
SB003,UNZA,2017,1,776.1666667
SB003,UNZA,2017,2,963.0416667
SB003,UNZA,2017,3,869.625
SB004,UNZA,2017,1,1976.583333
SB004,UNZA,2017,2,1942.791667
SB004,UNZA,2017,3,1959.708333
SB005,UNZA,2017,1,1248.125
SB005,UNZA,2017,2,1388
SB005,UNZA,2017,3,1318.083333
SB006,UNZA,2017,1,1115.291667
SB006,UNZA,2017,2,1242
SB006,UNZA,2017,3,1178.666667
SB007,UNZA,2017,1,679
SB007,UNZA,2017,2,991.8333333
SB007,UNZA,2017,3,835.4166667
SB008,UNZA,2017,1,1887.958333
SB008,UNZA,2017,2,414.5
SB008,UNZA,2017,3,1151.25
SB009,UNZA,2017,1,1466.583333
SB009,UNZA,2017,2,1466.583333
SB009,UNZA,2017,3,1466.583333
SB011,UNZA,2017,1,1379.583333
SB011,UNZA,2017,2,1163.291667
SB011,UNZA,2017,3,1271.458333
SB012,UNZA,2017,1,1473.333333
SB012,UNZA,2017,2,1615.833333
SB012,UNZA,2017,3,1544.583333
SB015,UNZA,2017,1,992.7916667
SB015,UNZA,2017,2,1144.875
SB015,UNZA,2017,3,1068.833333
SB016,UNZA,2017,1,2016.75
SB016,UNZA,2017,2,1829.291667
SB016,UNZA,2017,3,1923.041667
SB017,UNZA,2017,1,2176.75
SB017,UNZA,2017,2,1904.291667
SB017,UNZA,2017,3,2040.541667
SB018,UNZA,2017,1,1550
SB018,UNZA,2017,2,1229.708333
SB018,UNZA,2017,3,1389.875
SB019,UNZA,2017,1,1809.875
SB019,UNZA,2017,2,2311.416667
SB019,UNZA,2017,3,2060.666667
SB021,UNZA,2017,1,2237.166667
SB021,UNZA,2017,2,1651.458333
SB021,UNZA,2017,3,1944.333333
SB022,UNZA,2017,1,1804.875
SB022,UNZA,2017,2,1804.875
SB022,UNZA,2017,3,1804.875
SB023,UNZA,2017,1,546.5833333
SB023,UNZA,2017,2,1604.791667
SB023,UNZA,2017,3,1075.708333
SB024,UNZA,2017,1,530.6666667
SB024,UNZA,2017,2,773.4583333
SB024,UNZA,2017,3,652.0833333
SB025,UNZA,2017,1,1355.5
SB025,UNZA,2017,2,1005.166667
SB025,UNZA,2017,3,1180.333333
SB027,UNZA,2017,1,2311.5
SB027,UNZA,2017,2,929.75
SB027,UNZA,2017,3,1620.625
SB028,UNZA,2017,1,515.5833333
SB028,UNZA,2017,2,1083.125
SB028,UNZA,2017,3,799.375
SB030,UNZA,2017,1,1761.208333
SB030,UNZA,2017,2,1013.708333
SB030,UNZA,2017,3,1387.458333
SB031,UNZA,2017,1,355.5
SB031,UNZA,2017,2,340
SB031,UNZA,2017,3,347.75
SB032,UNZA,2017,1,883.0833333
SB032,UNZA,2017,2,939.1666667
SB032,UNZA,2017,3,911.125
SB033,UNZA,2017,1,2186.541667
SB033,UNZA,2017,2,1081.916667
SB033,UNZA,2017,3,1634.25
SB034,UNZA,2017,1,981.6666667
SB034,UNZA,2017,2,2025.416667
SB034,UNZA,2017,3,1503.541667
SB036,UNZA,2017,1,767.2916667
SB036,UNZA,2017,2,1723.75
SB036,UNZA,2017,3,1245.541667
SB037,UNZA,2017,1,1534.916667
SB037,UNZA,2017,2,3185.708333
SB037,UNZA,2017,3,2360.333333
SB040,UNZA,2017,1,1194
SB040,UNZA,2017,2,697.0833333
SB040,UNZA,2017,3,945.5416667
SB041,UNZA,2017,1,1582.625
SB041,UNZA,2017,2,1975.791667
SB041,UNZA,2017,3,1779.208333
SB042,UNZA,2017,1,834.6666667
SB042,UNZA,2017,2,1553.416667
SB042,UNZA,2017,3,1194.041667
SB043,UNZA,2017,1,719.875
SB043,UNZA,2017,2,1899
SB043,UNZA,2017,3,1309.458333
SB044,UNZA,2017,1,606.2916667
SB044,UNZA,2017,2,1143.333333
SB044,UNZA,2017,3,874.8333333
SB045,UNZA,2017,1,730.8333333
SB045,UNZA,2017,2,1739.458333
SB045,UNZA,2017,3,1235.166667
SB047,UNZA,2017,1,140.0833333
SB047,UNZA,2017,2,1685.875
SB047,UNZA,2017,3,913
SB048,UNZA,2017,1,600.0833333
SB048,UNZA,2017,2,545.875
SB048,UNZA,2017,3,573
SB052,UNZA,2017,1,503.4166667
SB052,UNZA,2017,2,908.7083333
SB052,UNZA,2017,3,706.0833333
SB053,UNZA,2017,1,384.375
SB053,UNZA,2017,2,358.4583333
SB053,UNZA,2017,3,371.4166667
SB054,UNZA,2017,1,1020.5
SB054,UNZA,2017,2,1522.708333
SB054,UNZA,2017,3,1271.625
SB055,UNZA,2017,1,511.25
SB055,UNZA,2017,2,1663.083333
SB055,UNZA,2017,3,1087.166667
SB056,UNZA,2017,1,1064.833333
SB056,UNZA,2017,2,394.0833333
SB056,UNZA,2017,3,729.4583333
SB058,UNZA,2017,1,906.5
SB058,UNZA,2017,2,1647.083333
SB058,UNZA,2017,3,1276.791667
SB059,UNZA,2017,1,591.125
SB059,UNZA,2017,2,1555.208333
SB059,UNZA,2017,3,1073.166667
SB061,UNZA,2017,1,721.9583333
SB061,UNZA,2017,2,1482.583333
SB061,UNZA,2017,3,1102.291667
SB062,UNZA,2017,1,1882.791667
SB062,UNZA,2017,2,2257.625
SB062,UNZA,2017,3,2070.208333
SB065,UNZA,2017,1,616.9583333
SB065,UNZA,2017,2,1290.083333
SB065,UNZA,2017,3,953.5416667
SB066,UNZA,2017,1,1448.25
SB066,UNZA,2017,2,2489.25
SB066,UNZA,2017,3,1968.75
SB067,UNZA,2017,1,1164.375
SB067,UNZA,2017,2,1895.958333
SB067,UNZA,2017,3,1530.166667
SB068,UNZA,2017,1,941.25
SB068,UNZA,2017,2,767.9583333
SB068,UNZA,2017,3,854.625
SB069,UNZA,2017,1,934.25
SB069,UNZA,2017,2,1646.541667
SB069,UNZA,2017,3,1290.416667
SB074,UNZA,2017,1,1380.458333
SB074,UNZA,2017,2,2326.375
SB074,UNZA,2017,3,1853.416667
SB075,UNZA,2017,1,512.7083333
SB075,UNZA,2017,2,1408.708333
SB075,UNZA,2017,3,960.7083333
SB076,UNZA,2017,1,1259.833333
SB076,UNZA,2017,2,1375.458333
SB076,UNZA,2017,3,1317.666667
SB077,UNZA,2017,1,405.7083333
SB077,UNZA,2017,2,419.75
SB077,UNZA,2017,3,412.75
SB078,UNZA,2017,1,818.5
SB078,UNZA,2017,2,1395.25
SB078,UNZA,2017,3,1106.875
SB079,UNZA,2017,1,1074.583333
SB079,UNZA,2017,2,2874.041667
SB079,UNZA,2017,3,1974.333333
SB081,UNZA,2017,1,1281.625
SB081,UNZA,2017,2,1281.625
SB081,UNZA,2017,3,1281.625
SB082,UNZA,2017,1,1261.083333
SB082,UNZA,2017,2,1079.5
SB082,UNZA,2017,3,1170.291667
SB083,UNZA,2017,1,688.875
SB083,UNZA,2017,2,1667.833333
SB083,UNZA,2017,3,1178.375
SB084,UNZA,2017,1,936.75
SB084,UNZA,2017,2,875.3333333
SB084,UNZA,2017,3,906.0416667
SB085,UNZA,2017,1,863.5416667
SB085,UNZA,2017,2,1593.958333
SB085,UNZA,2017,3,1228.75
SB086,UNZA,2017,1,950.7916667
SB086,UNZA,2017,2,1390.083333
SB086,UNZA,2017,3,1170.458333
SB087,UNZA,2017,1,1346.166667
SB087,UNZA,2017,2,700.7916667
SB087,UNZA,2017,3,1023.5
SB089,UNZA,2017,1,709.375
SB089,UNZA,2017,2,713.9166667
SB089,UNZA,2017,3,711.6666667
SB090,UNZA,2017,1,1830.5
SB090,UNZA,2017,2,1220.291667
SB090,UNZA,2017,3,1525.416667
SB091,UNZA,2017,1,760.75
SB091,UNZA,2017,2,1047.541667
SB091,UNZA,2017,3,904.1666667
SB092,UNZA,2017,1,1110
SB092,UNZA,2017,2,1348.291667
SB092,UNZA,2017,3,1229.166667
SB093,UNZA,2017,1,1094.125
SB093,UNZA,2017,2,2113
SB093,UNZA,2017,3,1603.583333
SB094,UNZA,2017,1,1194.958333
SB094,UNZA,2017,2,1546.5
SB094,UNZA,2017,3,1370.75
SB095,UNZA,2017,1,684.4166667
SB095,UNZA,2017,2,1987.583333
SB095,UNZA,2017,3,1336
SB097,UNZA,2017,1,928.9166667
SB097,UNZA,2017,2,1181.583333
SB097,UNZA,2017,3,1055.25
SB098,UNZA,2017,1,823.5833333
SB098,UNZA,2017,2,1367.041667
SB098,UNZA,2017,3,1095.333333
SB099,UNZA,2017,1,1040.708333
SB099,UNZA,2017,2,1402.333333
SB099,UNZA,2017,3,1221.541667
SB100,UNZA,2017,1,601.125
SB100,UNZA,2017,2,805.125
SB100,UNZA,2017,3,703.125
SB101,UNZA,2017,1,1079.625
SB101,UNZA,2017,2,1428.083333
SB101,UNZA,2017,3,1253.875
SB102,UNZA,2017,1,968.3333333
SB102,UNZA,2017,2,1113
SB102,UNZA,2017,3,1040.666667
SB103,UNZA,2017,1,417.0833333
SB103,UNZA,2017,2,889.0833333
SB103,UNZA,2017,3,653.0833333
SB104,UNZA,2017,1,1443.75
SB104,UNZA,2017,2,1973.083333
SB104,UNZA,2017,3,1708.416667
SB105,UNZA,2017,1,1511.166667
SB105,UNZA,2017,2,2107.041667
SB105,UNZA,2017,3,1809.125
SB106,UNZA,2017,1,1336
SB106,UNZA,2017,2,1806.958333
SB106,UNZA,2017,3,1571.5
SB107,UNZA,2017,1,1048.166667
SB107,UNZA,2017,2,1394.458333
SB107,UNZA,2017,3,1221.333333
SB108,UNZA,2017,1,418.4583333
SB108,UNZA,2017,2,917.7083333
SB108,UNZA,2017,3,668.0833333
SB109,UNZA,2017,1,1576.416667
SB109,UNZA,2017,2,375.5833333
SB109,UNZA,2017,3,976
SB110,UNZA,2017,1,364.8333333
SB110,UNZA,2017,2,1070.5
SB110,UNZA,2017,3,717.6666667
SB111,UNZA,2017,1,568.3333333
SB111,UNZA,2017,2,1100.291667
SB111,UNZA,2017,3,834.3333333
SB112,UNZA,2017,1,589.375
SB112,UNZA,2017,2,1084.25
SB112,UNZA,2017,3,836.8333333
SB113,UNZA,2017,1,1939.25
SB113,UNZA,2017,2,2017.458333
SB113,UNZA,2017,3,1978.375
SB114,UNZA,2017,1,800.25
SB114,UNZA,2017,2,1799.916667
SB114,UNZA,2017,3,1300.083333
SB115,UNZA,2017,1,1038.5
SB115,UNZA,2017,2,1615.875
SB115,UNZA,2017,3,1327.208333
SB117,UNZA,2017,1,675.625
SB117,UNZA,2017,2,1839.416667
SB117,UNZA,2017,3,1257.541667
SB119,UNZA,2017,1,638.9583333
SB119,UNZA,2017,2,1389.875
SB119,UNZA,2017,3,1014.416667
SB120,UNZA,2017,1,1118.166667
SB120,UNZA,2017,2,2063.333333
SB120,UNZA,2017,3,1590.75
SB121,UNZA,2017,1,2224.666667
SB121,UNZA,2017,2,2224.666667
SB121,UNZA,2017,3,2224.666667
SB123,UNZA,2017,1,800.1666667
SB123,UNZA,2017,2,2143.583333
SB123,UNZA,2017,3,1471.875
SB124,UNZA,2017,1,1061.541667
SB124,UNZA,2017,2,1664.458333
SB124,UNZA,2017,3,1363
SB125,UNZA,2017,1,1051.291667
SB125,UNZA,2017,2,902.6666667
SB125,UNZA,2017,3,977
SB127,UNZA,2017,1,1453.666667
SB127,UNZA,2017,2,1009.708333
SB127,UNZA,2017,3,1231.708333
SB128,UNZA,2017,1,1044.916667
SB128,UNZA,2017,2,1959.5
SB128,UNZA,2017,3,1502.208333
SB130,UNZA,2017,1,1006.416667
SB130,UNZA,2017,2,1863.125
SB130,UNZA,2017,3,1434.791667
SB131,UNZA,2017,1,715.8333333
SB131,UNZA,2017,2,2063.666667
SB131,UNZA,2017,3,1389.75
SB132,UNZA,2017,1,1108.166667
SB132,UNZA,2017,2,639.125
SB132,UNZA,2017,3,873.6666667
SB135,UNZA,2017,1,785.2916667
SB135,UNZA,2017,2,785.2916667
SB135,UNZA,2017,3,785.2916667
SB136,UNZA,2017,1,1528.625
SB136,UNZA,2017,2,1181.791667
SB136,UNZA,2017,3,1355.208333
SB138,UNZA,2017,1,548.5833333
SB138,UNZA,2017,2,979.875
SB138,UNZA,2017,3,764.25
SB140,UNZA,2017,1,1254.125
SB140,UNZA,2017,2,2067
SB140,UNZA,2017,3,1660.583333
SB141,UNZA,2017,1,729.3333333
SB141,UNZA,2017,2,2463.166667
SB141,UNZA,2017,3,1596.25
SB142,UNZA,2017,1,1664.083333
SB142,UNZA,2017,2,2130.625
SB142,UNZA,2017,3,1897.375
SB143,UNZA,2017,1,2074.625
SB143,UNZA,2017,2,1335.125
SB143,UNZA,2017,3,1704.875
SB144,UNZA,2017,1,724.6666667
SB144,UNZA,2017,2,1360.333333
SB144,UNZA,2017,3,1042.5
SB145,UNZA,2017,1,1033.083333
SB145,UNZA,2017,2,1391.75
SB145,UNZA,2017,3,1212.416667
SB146,UNZA,2017,1,1421.958333
SB146,UNZA,2017,2,916.4166667
SB146,UNZA,2017,3,1169.208333
SB147,UNZA,2017,1,757
SB147,UNZA,2017,2,570.9583333
SB147,UNZA,2017,3,664
SB148,UNZA,2017,1,1213.041667
SB148,UNZA,2017,2,1213.041667
SB148,UNZA,2017,3,1213.041667
SB149,UNZA,2017,1,646.25
SB149,UNZA,2017,2,646.25
SB149,UNZA,2017,3,646.25
SB150,UNZA,2017,1,1729.708333
SB150,UNZA,2017,2,1318.75
SB150,UNZA,2017,3,1524.25
SB151,UNZA,2017,1,672.875
SB151,UNZA,2017,2,672.875
SB151,UNZA,2017,3,672.875
SB153,UNZA,2017,1,84
SB153,UNZA,2017,2,329.4166667
SB153,UNZA,2017,3,206.7083333
SB154,UNZA,2017,1,1022.333333
SB154,UNZA,2017,2,583.5416667
SB154,UNZA,2017,3,802.9583333
SB156,UNZA,2017,1,1342.75
SB156,UNZA,2017,2,1248.791667
SB156,UNZA,2017,3,1295.791667
SB157,UNZA,2017,1,1270.208333
SB157,UNZA,2017,2,1431.708333
SB157,UNZA,2017,3,1350.958333
SB158,UNZA,2017,1,498.625
SB158,UNZA,2017,2,649.875
SB158,UNZA,2017,3,574.25
SB160,UNZA,2017,1,666.9166667
SB160,UNZA,2017,2,658.5
SB160,UNZA,2017,3,662.7083333
SB161,UNZA,2017,1,430.1666667
SB161,UNZA,2017,2,1135.083333
SB161,UNZA,2017,3,782.625
SB162,UNZA,2017,1,1053.333333
SB162,UNZA,2017,2,2614.833333
SB162,UNZA,2017,3,1834.083333
SB163,UNZA,2017,1,1137.208333
SB163,UNZA,2017,2,1137.208333
SB163,UNZA,2017,3,1137.208333
SB164,UNZA,2017,1,856.875
SB164,UNZA,2017,2,996.0416667
SB164,UNZA,2017,3,926.4583333
SB165,UNZA,2017,1,883.75
SB165,UNZA,2017,2,1430.5
SB165,UNZA,2017,3,1157.125
SB166,UNZA,2017,1,1080.291667
SB166,UNZA,2017,2,769.625
SB166,UNZA,2017,3,924.9583333
SB167,UNZA,2017,1,2094.583333
SB167,UNZA,2017,2,1012.416667
SB167,UNZA,2017,3,1553.5
SB168,UNZA,2017,1,500.125
SB168,UNZA,2017,2,1087.583333
SB168,UNZA,2017,3,793.875
SB169,UNZA,2017,1,1425.25
SB169,UNZA,2017,2,1261.541667
SB169,UNZA,2017,3,1343.416667
SB171,UNZA,2017,1,1078.375
SB171,UNZA,2017,2,2017.416667
SB171,UNZA,2017,3,1547.916667
SB172,UNZA,2017,1,1378.416667
SB172,UNZA,2017,2,1784.583333
SB172,UNZA,2017,3,1581.5
SB173,UNZA,2017,1,2599
SB173,UNZA,2017,2,2599
SB173,UNZA,2017,3,2599
SB174,UNZA,2017,1,1013
SB174,UNZA,2017,2,891.8333333
SB174,UNZA,2017,3,952.4166667
SB175,UNZA,2017,1,866
SB175,UNZA,2017,2,222.7083333
SB175,UNZA,2017,3,544.375
SB176,UNZA,2017,1,1794.25
SB176,UNZA,2017,2,2530.041667
SB176,UNZA,2017,3,2162.166667
SB177,UNZA,2017,1,837.25
SB177,UNZA,2017,2,624.5833333
SB177,UNZA,2017,3,730.9166667
SB178,UNZA,2017,1,1132.625
SB178,UNZA,2017,2,1132.625
SB178,UNZA,2017,3,1132.625
SB179,UNZA,2017,1,1350.875
SB179,UNZA,2017,2,1626.791667
SB179,UNZA,2017,3,1488.833333
SB180,UNZA,2017,1,390.125
SB180,UNZA,2017,2,435.7083333
SB180,UNZA,2017,3,412.9166667
SB181,UNZA,2017,1,844.5416667
SB181,UNZA,2017,2,2176.208333
SB181,UNZA,2017,3,1510.375
SB182,UNZA,2017,1,1666.875
SB182,UNZA,2017,2,2147.541667
SB182,UNZA,2017,3,1907.208333
SB183,UNZA,2017,1,1076.958333
SB183,UNZA,2017,2,1906.666667
SB183,UNZA,2017,3,1491.833333
SB184,UNZA,2017,1,1201.25
SB184,UNZA,2017,2,1454.791667
SB184,UNZA,2017,3,1328.041667
SB185,UNZA,2017,1,1336.833333
SB185,UNZA,2017,2,1682.25
SB185,UNZA,2017,3,1509.541667
SB186,UNZA,2017,1,1841.333333
SB186,UNZA,2017,2,1363.416667
SB186,UNZA,2017,3,1602.375
SB187,UNZA,2017,1,1166.041667
SB187,UNZA,2017,2,1298.708333
SB187,UNZA,2017,3,1232.375
SB189,UNZA,2017,1,1213.708333
SB189,UNZA,2017,2,1542.291667
SB189,UNZA,2017,3,1378
SB190,UNZA,2017,1,629.6666667
SB190,UNZA,2017,2,1031.833333
SB190,UNZA,2017,3,830.75
SB192,UNZA,2017,1,1220.083333
SB192,UNZA,2017,2,1669.958333
SB192,UNZA,2017,3,1445.041667
SB195,UNZA,2017,1,1145
SB195,UNZA,2017,2,1296.75
SB195,UNZA,2017,3,1220.875
SB197,UNZA,2017,1,1015.875
SB197,UNZA,2017,2,1579.375
SB197,UNZA,2017,3,1297.625
SB198,UNZA,2017,1,2015.125
SB198,UNZA,2017,2,2015.125
SB198,UNZA,2017,3,2015.125
SB199,UNZA,2017,1,1373.75
SB199,UNZA,2017,2,1282.583333
SB199,UNZA,2017,3,1328.166667
SB200,UNZA,2017,1,1861.625
SB200,UNZA,2017,2,2022.708333
SB200,UNZA,2017,3,1942.166667
SB201,UNZA,2017,1,1113.083333
SB201,UNZA,2017,2,2340.333333
SB201,UNZA,2017,3,1726.708333
SB202,UNZA,2017,1,749.5833333
SB202,UNZA,2017,2,1686.541667
SB202,UNZA,2017,3,1218.083333
SB203,UNZA,2017,1,1395.333333
SB203,UNZA,2017,2,1261.333333
SB203,UNZA,2017,3,1328.333333
SB206,UNZA,2017,1,646.7916667
SB206,UNZA,2017,2,1300.625
SB206,UNZA,2017,3,973.7083333
SB207,UNZA,2017,1,1805.458333
SB207,UNZA,2017,2,1338.875
SB207,UNZA,2017,3,1572.166667
SB209,UNZA,2017,1,2261.666667
SB209,UNZA,2017,2,2261.666667
SB209,UNZA,2017,3,2261.666667
SB210,UNZA,2017,1,1513.791667
SB210,UNZA,2017,2,1772.125
SB210,UNZA,2017,3,1642.958333
SB213,UNZA,2017,1,1644.5
SB213,UNZA,2017,2,2198.291667
SB213,UNZA,2017,3,1921.416667
SB214,UNZA,2017,1,1406.041667
SB214,UNZA,2017,2,1740.208333
SB214,UNZA,2017,3,1573.125
SB001,UNZA,2019,1,207.5
SB001,UNZA,2019,2,221.9583333
SB001,UNZA,2019,3,142.5
SB002,UNZA,2019,1,307.9166667
SB002,UNZA,2019,2,375.625
SB002,UNZA,2019,3,142.9166667
SB003,UNZA,2019,1,1085
SB003,UNZA,2019,2,844.9583333
SB003,UNZA,2019,3,990.8333333
SB004,UNZA,2019,1,559.5833333
SB004,UNZA,2019,2,786.25
SB004,UNZA,2019,3,530.8333333
SB005,UNZA,2019,1,382.5
SB005,UNZA,2019,2,244.5833333
SB005,UNZA,2019,3,106.6666667
SB006,UNZA,2019,1,589.5833333
SB006,UNZA,2019,2,257.8333333
SB006,UNZA,2019,3,170
SB007,UNZA,2019,1,78.75
SB007,UNZA,2019,2,127.0833333
SB007,UNZA,2019,3,201.6666667
SB008,UNZA,2019,1,257.5
SB008,UNZA,2019,2,33.625
SB008,UNZA,2019,3,275.8333333
SB009,UNZA,2019,1,694.5833333
SB009,UNZA,2019,2,678.3333333
SB009,UNZA,2019,3,231.6666667
SB011,UNZA,2019,1,488.75
SB011,UNZA,2019,2,688.375
SB011,UNZA,2019,3,42.91666667
SB015,UNZA,2019,1,309.5833333
SB015,UNZA,2019,2,1263.708333
SB015,UNZA,2019,3,1184.583333
SB016,UNZA,2019,1,1045.833333
SB016,UNZA,2019,2,1127.666667
SB016,UNZA,2019,3,707.0833333
SB017,UNZA,2019,1,1423.333333
SB017,UNZA,2019,2,980.7083333
SB017,UNZA,2019,3,1700.416667
SB018,UNZA,2019,1,1042.083333
SB018,UNZA,2019,2,1191.291667
SB018,UNZA,2019,3,2055.833333
SB019,UNZA,2019,1,837.5
SB019,UNZA,2019,2,1727.791667
SB019,UNZA,2019,3,1546.25
SB021,UNZA,2019,1,1752.5
SB021,UNZA,2019,2,742.625
SB021,UNZA,2019,3,1002.083333
SB023,UNZA,2019,1,728.3333333
SB023,UNZA,2019,2,415.9583333
SB023,UNZA,2019,3,1189.583333
SB024,UNZA,2019,1,528.75
SB024,UNZA,2019,2,511.5
SB024,UNZA,2019,3,498.3333333
SB025,UNZA,2019,1,727.9166667
SB025,UNZA,2019,2,581.7083333
SB025,UNZA,2019,3,601.6666667
SB027,UNZA,2019,1,1013.75
SB027,UNZA,2019,2,2314.833333
SB027,UNZA,2019,3,1289.166667
SB028,UNZA,2019,1,378.3333333
SB028,UNZA,2019,2,165.75
SB028,UNZA,2019,3,699.1666667
SB029,UNZA,2019,1,1771.666667
SB029,UNZA,2019,2,1434.75
SB029,UNZA,2019,3,858.3333333
SB030,UNZA,2019,1,1194.583333
SB030,UNZA,2019,2,1381.708333
SB030,UNZA,2019,3,1279.166667
SB031,UNZA,2019,1,396.25
SB031,UNZA,2019,2,420.875
SB031,UNZA,2019,3,408.5625
SB032,UNZA,2019,1,165.8333333
SB032,UNZA,2019,2,246.5
SB032,UNZA,2019,3,468.75
SB034,UNZA,2019,1,1007.5
SB034,UNZA,2019,2,743.5833333
SB034,UNZA,2019,3,897.0833333
SB036,UNZA,2019,1,187.9166667
SB036,UNZA,2019,2,538.125
SB036,UNZA,2019,3,543.3333333
SB037,UNZA,2019,1,67.08333333
SB037,UNZA,2019,2,102.5
SB037,UNZA,2019,3,137.9166667
SB040,UNZA,2019,1,59.16666667
SB040,UNZA,2019,2,599.2916667
SB040,UNZA,2019,3,778.3333333
SB042,UNZA,2019,1,386.25
SB042,UNZA,2019,2,1382.041667
SB042,UNZA,2019,3,1367.083333
SB043,UNZA,2019,1,745.4166667
SB043,UNZA,2019,2,271.5416667
SB043,UNZA,2019,3,327.9166667
SB044,UNZA,2019,1,522.5
SB044,UNZA,2019,2,137.9166667
SB044,UNZA,2019,3,907.0833333
SB045,UNZA,2019,1,421.6666667
SB045,UNZA,2019,2,1074.166667
SB045,UNZA,2019,3,267.5
SB047,UNZA,2019,1,315.4166667
SB047,UNZA,2019,2,386.2083333
SB047,UNZA,2019,3,85.41666667
SB048,UNZA,2019,1,685.4166667
SB048,UNZA,2019,2,363.75
SB048,UNZA,2019,3,393.75
SB053,UNZA,2019,1,678.3333333
SB053,UNZA,2019,2,1282.666667
SB053,UNZA,2019,3,582.0833333
SB054,UNZA,2019,1,692.0833333
SB054,UNZA,2019,2,468.0416667
SB054,UNZA,2019,3,562.0833333
SB055,UNZA,2019,1,407.9166667
SB055,UNZA,2019,2,546.125
SB055,UNZA,2019,3,1417.083333
SB056,UNZA,2019,1,425
SB056,UNZA,2019,2,2041.375
SB056,UNZA,2019,3,1233.1875
SB058,UNZA,2019,1,950.8333333
SB058,UNZA,2019,2,535.75
SB058,UNZA,2019,3,225.8333333
SB059,UNZA,2019,1,1017.5
SB059,UNZA,2019,2,1051.333333
SB059,UNZA,2019,3,790.8333333
SB061,UNZA,2019,1,265.8333333
SB061,UNZA,2019,2,59.20833333
SB061,UNZA,2019,3,150
SB062,UNZA,2019,1,590.4166667
SB062,UNZA,2019,2,528.4166667
SB062,UNZA,2019,3,639.5833333
SB065,UNZA,2019,1,102.5
SB065,UNZA,2019,2,80.875
SB065,UNZA,2019,3,102.0833333
SB066,UNZA,2019,1,255
SB066,UNZA,2019,2,1814.583333
SB066,UNZA,2019,3,1347.5
SB067,UNZA,2019,1,1806.25
SB067,UNZA,2019,2,854.4583333
SB067,UNZA,2019,3,925.4166667
SB068,UNZA,2019,1,1108.75
SB068,UNZA,2019,2,281.2083333
SB068,UNZA,2019,3,811.25
SB069,UNZA,2019,1,890
SB069,UNZA,2019,2,844.375
SB069,UNZA,2019,3,892.5
SB071,UNZA,2019,1,326.6666667
SB071,UNZA,2019,2,193.375
SB071,UNZA,2019,3,434.5833333
SB074,UNZA,2019,1,1013.75
SB074,UNZA,2019,2,970.375
SB074,UNZA,2019,3,506.6666667
SB075,UNZA,2019,1,621.6666667
SB075,UNZA,2019,2,482.4583333
SB075,UNZA,2019,3,354.1666667
SB076,UNZA,2019,1,1346.25
SB076,UNZA,2019,2,744.125
SB076,UNZA,2019,3,301.25
SB077,UNZA,2019,1,712.0833333
SB077,UNZA,2019,2,1544.791667
SB077,UNZA,2019,3,417.0833333
SB078,UNZA,2019,1,833.75
SB078,UNZA,2019,2,1746
SB078,UNZA,2019,3,484.1666667
SB079,UNZA,2019,1,1257.083333
SB079,UNZA,2019,2,1120.625
SB079,UNZA,2019,3,2460.416667
SB082,UNZA,2019,1,1950.416667
SB082,UNZA,2019,2,1125.583333
SB082,UNZA,2019,3,448.3333333
SB083,UNZA,2019,1,1240.833333
SB083,UNZA,2019,2,1170.5
SB083,UNZA,2019,3,850.4166667
SB084,UNZA,2019,1,15
SB084,UNZA,2019,2,487.5833333
SB084,UNZA,2019,3,10.83333333
SB085,UNZA,2019,1,897.5
SB085,UNZA,2019,2,327.6666667
SB085,UNZA,2019,3,253.3333333
SB086,UNZA,2019,1,655.4166667
SB086,UNZA,2019,2,1299.416667
SB086,UNZA,2019,3,336.6666667
SB089,UNZA,2019,1,1391.666667
SB089,UNZA,2019,2,1231.708333
SB089,UNZA,2019,3,1090.416667
SB090,UNZA,2019,1,1535.416667
SB090,UNZA,2019,2,1143
SB090,UNZA,2019,3,1026.666667
SB091,UNZA,2019,1,892.5
SB091,UNZA,2019,2,483.875
SB091,UNZA,2019,3,544.1666667
SB092,UNZA,2019,1,490.8333333
SB092,UNZA,2019,2,246.875
SB092,UNZA,2019,3,350
SB093,UNZA,2019,1,835.4166667
SB093,UNZA,2019,2,391.5
SB093,UNZA,2019,3,1445.833333
SB094,UNZA,2019,1,1086.666667
SB094,UNZA,2019,2,1148.75
SB094,UNZA,2019,3,704.1666667
SB095,UNZA,2019,1,932.0833333
SB095,UNZA,2019,2,488.7083333
SB095,UNZA,2019,3,741.25
SB096,UNZA,2019,1,1610.833333
SB096,UNZA,2019,2,1559.791667
SB096,UNZA,2019,3,828.75
SB097,UNZA,2019,1,211.25
SB097,UNZA,2019,2,1459.75
SB097,UNZA,2019,3,813.3333333
SB099,UNZA,2019,1,1037.5
SB099,UNZA,2019,2,861.4583333
SB099,UNZA,2019,3,915
SB100,UNZA,2019,1,761.25
SB100,UNZA,2019,2,725.3333333
SB100,UNZA,2019,3,247.0833333
SB101,UNZA,2019,1,917.8333333
SB101,UNZA,2019,2,1641.291667
SB101,UNZA,2019,3,902.0833333
SB102,UNZA,2019,1,859.1666667
SB102,UNZA,2019,2,662.375
SB102,UNZA,2019,3,968.3333333
SB104,UNZA,2019,1,526.25
SB104,UNZA,2019,2,402.5416667
SB104,UNZA,2019,3,396.25
SB105,UNZA,2019,1,303.3333333
SB105,UNZA,2019,2,359.2916667
SB105,UNZA,2019,3,537.9166667
SB107,UNZA,2019,1,196.6666667
SB107,UNZA,2019,2,300.4166667
SB107,UNZA,2019,3,92.91666667
SB108,UNZA,2019,1,593.3333333
SB108,UNZA,2019,2,2002.291667
SB108,UNZA,2019,3,360.4166667
SB109,UNZA,2019,1,688.75
SB109,UNZA,2019,2,843.7916667
SB109,UNZA,2019,3,490.8333333
SB110,UNZA,2019,1,1071.666667
SB110,UNZA,2019,2,128.0416667
SB110,UNZA,2019,3,354.1666667
SB112,UNZA,2019,1,594.1666667
SB112,UNZA,2019,2,650.9583333
SB112,UNZA,2019,3,492.9166667
SB113,UNZA,2019,1,732.9166667
SB113,UNZA,2019,2,1300.208333
SB113,UNZA,2019,3,1773.333333
SB114,UNZA,2019,1,777.9166667
SB114,UNZA,2019,2,590
SB114,UNZA,2019,3,877.5
SB115,UNZA,2019,1,1184.583333
SB115,UNZA,2019,2,1702.75
SB115,UNZA,2019,3,1989.166667
SB116,UNZA,2019,1,398.3333333
SB116,UNZA,2019,2,399.2916667
SB116,UNZA,2019,3,282.5
SB120,UNZA,2019,1,496.25
SB120,UNZA,2019,2,375.7916667
SB120,UNZA,2019,3,255
SB121,UNZA,2019,1,1250.833333
SB121,UNZA,2019,2,1133.75
SB121,UNZA,2019,3,651.25
SB123,UNZA,2019,1,746.6666667
SB123,UNZA,2019,2,1272.291667
SB123,UNZA,2019,3,1797.916667
SB125,UNZA,2019,1,1565.833333
SB125,UNZA,2019,2,1337.916667
SB125,UNZA,2019,3,1255.416667
SB127,UNZA,2019,1,1309.166667
SB127,UNZA,2019,2,229.7083333
SB127,UNZA,2019,3,1214.583333
SB130,UNZA,2019,1,532.9166667
SB130,UNZA,2019,2,812.0833333
SB130,UNZA,2019,3,1316.25
SB131,UNZA,2019,1,563.3333333
SB131,UNZA,2019,2,116.0416667
SB131,UNZA,2019,3,655
SB132,UNZA,2019,1,544.5833333
SB132,UNZA,2019,2,720.0833333
SB132,UNZA,2019,3,227.9166667
SB136,UNZA,2019,1,529.1666667
SB136,UNZA,2019,2,979.2916667
SB136,UNZA,2019,3,497.0833333
SB138,UNZA,2019,1,234.1666667
SB138,UNZA,2019,2,266.5
SB138,UNZA,2019,3,102.9166667
SB140,UNZA,2019,1,666.25
SB140,UNZA,2019,2,634.9166667
SB140,UNZA,2019,3,205.4166667
SB141,UNZA,2019,1,1060
SB141,UNZA,2019,2,986.2083333
SB141,UNZA,2019,3,642.5
SB142,UNZA,2019,1,1108.333333
SB142,UNZA,2019,2,1123.5
SB142,UNZA,2019,3,379.1666667
SB143,UNZA,2019,1,183.3333333
SB143,UNZA,2019,2,977.4166667
SB143,UNZA,2019,3,475.8333333
SB144,UNZA,2019,1,107.5
SB144,UNZA,2019,2,406.375
SB144,UNZA,2019,3,972.5
SB145,UNZA,2019,1,812.9166667
SB145,UNZA,2019,2,486.2916667
SB145,UNZA,2019,3,250
SB146,UNZA,2019,1,1096.25
SB146,UNZA,2019,2,1618.416667
SB146,UNZA,2019,3,199.1666667
SB147,UNZA,2019,1,478.3333333
SB147,UNZA,2019,2,362.0833333
SB147,UNZA,2019,3,133.3333333
SB148,UNZA,2019,1,993.75
SB148,UNZA,2019,2,2349.208333
SB148,UNZA,2019,3,795.4166667
SB150,UNZA,2019,1,1024.583333
SB150,UNZA,2019,2,402.0416667
SB150,UNZA,2019,3,317.5
SB153,UNZA,2019,1,227.9166667
SB153,UNZA,2019,2,118.3333333
SB153,UNZA,2019,3,1302.916667
SB154,UNZA,2019,1,912.9166667
SB154,UNZA,2019,2,650.7083333
SB154,UNZA,2019,3,997.9166667
SB156,UNZA,2019,1,1737.916667
SB156,UNZA,2019,2,542.9583333
SB156,UNZA,2019,3,370.4166667
SB157,UNZA,2019,1,38.33333333
SB157,UNZA,2019,2,38.20833333
SB157,UNZA,2019,3,870.8333333
SB158,UNZA,2019,1,537.9166667
SB158,UNZA,2019,2,887.1666667
SB158,UNZA,2019,3,566.25
SB160,UNZA,2019,1,1852.083333
SB160,UNZA,2019,2,2501.583333
SB160,UNZA,2019,3,1275
SB161,UNZA,2019,1,1396.666667
SB161,UNZA,2019,2,1442.916667
SB161,UNZA,2019,3,1078.75
SB162,UNZA,2019,1,1328.75
SB162,UNZA,2019,2,1012.958333
SB162,UNZA,2019,3,951.25
SB163,UNZA,2019,1,944.1666667
SB163,UNZA,2019,2,587.625
SB163,UNZA,2019,3,1134.166667
SB164,UNZA,2019,1,161.6666667
SB164,UNZA,2019,2,314.5
SB164,UNZA,2019,3,985.8333333
SB165,UNZA,2019,1,622.5
SB165,UNZA,2019,2,281.9583333
SB165,UNZA,2019,3,458.3333333
SB166,UNZA,2019,1,393.3333333
SB166,UNZA,2019,2,386.125
SB166,UNZA,2019,3,629.5833333
SB167,UNZA,2019,1,637.5
SB167,UNZA,2019,2,662.7083333
SB167,UNZA,2019,3,687.9166667
SB168,UNZA,2019,1,992.5
SB168,UNZA,2019,2,642.9583333
SB168,UNZA,2019,3,1925.833333
SB169,UNZA,2019,1,299.5833333
SB169,UNZA,2019,2,673.7916667
SB169,UNZA,2019,3,486.6875
SB171,UNZA,2019,1,792.9166667
SB171,UNZA,2019,2,1120.666667
SB171,UNZA,2019,3,1320.833333
SB172,UNZA,2019,1,894.1666667
SB172,UNZA,2019,2,869.6666667
SB172,UNZA,2019,3,907.5
SB173,UNZA,2019,1,702.5
SB173,UNZA,2019,2,2056.875
SB173,UNZA,2019,3,658.75
SB174,UNZA,2019,1,253.3333333
SB174,UNZA,2019,2,420
SB174,UNZA,2019,3,586.6666667
SB177,UNZA,2019,1,1523.75
SB177,UNZA,2019,2,2546.916667
SB177,UNZA,2019,3,528.3333333
SB178,UNZA,2019,1,764.5833333
SB178,UNZA,2019,2,780.0416667
SB178,UNZA,2019,3,1416.666667
SB179,UNZA,2019,1,318.3333333
SB179,UNZA,2019,2,568.1666667
SB179,UNZA,2019,3,409.1666667
SB180,UNZA,2019,1,425.4166667
SB180,UNZA,2019,2,917.2083333
SB180,UNZA,2019,3,757.5
SB181,UNZA,2019,1,1161.666667
SB181,UNZA,2019,2,1243.791667
SB181,UNZA,2019,3,1901.666667
SB182,UNZA,2019,1,156.6666667
SB182,UNZA,2019,2,679.4583333
SB182,UNZA,2019,3,1805
SB183,UNZA,2019,1,220
SB183,UNZA,2019,2,215.625
SB183,UNZA,2019,3,442.9166667
SB184,UNZA,2019,1,881.25
SB184,UNZA,2019,2,706.8333333
SB184,UNZA,2019,3,239.5833333
SB185,UNZA,2019,1,841.6666667
SB185,UNZA,2019,2,850.2083333
SB185,UNZA,2019,3,858.75
SB186,UNZA,2019,1,885.8333333
SB186,UNZA,2019,2,792.5416667
SB186,UNZA,2019,3,972.5
SB187,UNZA,2019,1,602.9166667
SB187,UNZA,2019,2,1154.625
SB187,UNZA,2019,3,935.4166667
SB189,UNZA,2019,1,641.6666667
SB189,UNZA,2019,2,1309.625
SB189,UNZA,2019,3,975.6458333
SB190,UNZA,2019,1,294.0416667
SB190,UNZA,2019,2,531.9166667
SB190,UNZA,2019,3,615.8333333
SB192,UNZA,2019,1,137.9166667
SB192,UNZA,2019,2,259.7916667
SB192,UNZA,2019,3,202.0833333
SB195,UNZA,2019,1,755.8333333
SB195,UNZA,2019,2,969.9583333
SB195,UNZA,2019,3,694.5833333
SB197,UNZA,2019,1,877.0833333
SB197,UNZA,2019,2,1561.041667
SB197,UNZA,2019,3,1136.666667
SB198,UNZA,2019,1,2114.166667
SB198,UNZA,2019,2,1444.625
SB198,UNZA,2019,3,547.5
SB199,UNZA,2019,1,835
SB199,UNZA,2019,2,586.125
SB199,UNZA,2019,3,619.1666667
SB200,UNZA,2019,1,435.8333333
SB200,UNZA,2019,2,827.9583333
SB200,UNZA,2019,3,920
SB201,UNZA,2019,1,264.1666667
SB201,UNZA,2019,2,219.375
SB201,UNZA,2019,3,311.25
SB202,UNZA,2019,1,312.5
SB202,UNZA,2019,2,624.1666667
SB202,UNZA,2019,3,408.3333333
SB203,UNZA,2019,1,582.5
SB203,UNZA,2019,2,1082.5
SB203,UNZA,2019,3,1067.916667
SB206,UNZA,2019,1,1373.333333
SB206,UNZA,2019,2,886.75
SB206,UNZA,2019,3,1052.083333
SB207,UNZA,2019,1,687.0833333
SB207,UNZA,2019,2,433.4166667
SB207,UNZA,2019,3,614.1666667
SB209,UNZA,2019,1,180.8333333
SB209,UNZA,2019,2,444.75
SB209,UNZA,2019,3,146.6666667
SB210,UNZA,2019,1,392.0833333
SB210,UNZA,2019,2,374.8333333
SB210,UNZA,2019,3,322.0833333
SB212,UNZA,2019,1,421.6666667
SB212,UNZA,2019,2,320.4583333
SB212,UNZA,2019,3,134.5833333
SB213,UNZA,2019,1,568.75
SB213,UNZA,2019,2,1387.958333
SB213,UNZA,2019,3,716.25
SB214,UNZA,2019,1,160
SB214,UNZA,2019,2,240.8333333
SB214,UNZA,2019,3,98.75